seed_track_id,mode,playlist_len,transition_mode,gamma,floor_mode,floor_value,beam_used,pool_size,eligible_artists,distinct_artists_in_pool,distinct_artists,effective_artists,gini,max_artist_frac,adjacency_violations,min_gap_violations,cap_violations,fallback_count_total,floor_relaxed_steps,chosen_below_floor,seed_sim_mean,seed_sim_min,seed_sim_p10,local_seg_min,local_seg_p10,local_seg_mean,local_seg_p90,drift_k10,drift_kL,worst_transition_value,worst_transition_pair
7305910d5b671643582fc8b66e3c1e6a,narrow,25,segment_sonic,1.0,soft,0.5,3,800,297,116,15,13.484869824014275,0.24533333333333265,0.12,0,0,0,0,0,0,0.6036265744956264,0.5453371965437628,0.5500548353230527,0.5498994907855704,0.6007318820240176,0.7278018231439972,0.82916403886067,0.8322066484174344,0.8237284704637198,0.5498994907855704,"(np.int64(13129), np.int64(20877))"
7305910d5b671643582fc8b66e3c1e6a,dynamic,30,segment_sonic,1.0,soft,0.55,5,1200,370,252,21,19.11409199355037,0.21587301587301552,0.1,0,0,0,0,0,0,0.5849440788218881,0.5034031247775632,0.5140809702208046,0.6203832164971069,0.6528462399844704,0.7486886363857352,0.8195999476188336,0.7872703349088239,0.7699813148338658,0.6203832164971069,"(np.int64(25918), np.int64(616))"
