{
  "artifact": "experiments/genre_similarity_lab/artifacts/data_matrices_step1.npz",
  "seed": 1,
  "n": 20000,
  "variants": {
    "raw": {
      "auc_a": 0.8685150178533921,
      "d_a": 2.631744743990926,
      "within_a_stats": {
        "p10": 0.9981551297539971,
        "p50": 0.999401258840366,
        "p90": 0.9998765468030043,
        "spread": 0.00172141704900719,
        "mean": 0.9991945996917441
      },
      "across_stats": {
        "p10": 0.9578981347787736,
        "p50": 0.9970102697920273,
        "p90": 0.9993158100448484,
        "spread": 0.04141767526607476,
        "mean": 0.9795179128772484
      }
    },
    "z": {
      "auc_a": 0.78157950010502,
      "d_a": 1.0965668680048624,
      "within_a_stats": {
        "p10": -0.07163966197479754,
        "p50": 0.3110648888390741,
        "p90": 0.6440471232694711,
        "spread": 0.7156867852442687,
        "mean": 0.29818974587625896
      },
      "across_stats": {
        "p10": -0.2709939566116,
        "p50": 0.0019239827341833125,
        "p90": 0.3291263968272319,
        "spread": 0.6001203534388319,
        "mean": 0.0058777963656974005
      }
    }
  }
}