{
  "artifact": "experiments\\genre_similarity_lab\\artifacts\\data_matrices_step1.npz",
  "timestamp_utc": "20251215_023034",
  "mode": "manual_pairs (my_pairs.json)",
  "pair_count": 3,
  "metrics": {
    "S_sonic_raw": {
      "mean": 0.9946374264902708,
      "p01": 0.9885690534222994,
      "p10": 0.989948171315212,
      "p50": 0.9960775841726011,
      "p90": 0.9987506185923974,
      "p99": 0.9993520513368517,
      "min": 0.9884158181008647,
      "max": 0.9994188771973466,
      "var": 2.121491198843306e-05,
      "std": 0.004605964827094651,
      "spread": 0.008802447277185488,
      "saturated": false
    },
    "S_sonic_centered": {
      "mean": 0.2923328286408207,
      "p01": -0.889179240770517,
      "p10": -0.5677364530296353,
      "p50": 0.8608981591520611,
      "p90": 0.9249759781067807,
      "p99": 0.9393934873715926,
      "min": -0.9248951060750594,
      "max": 0.9409954328454605,
      "var": 0.7418911847351959,
      "std": 0.8613310540873328,
      "spread": 1.492712431136416,
      "saturated": false
    },
    "S_sonic_z": {
      "mean": 0.07058501228095575,
      "p01": -0.15566954025166554,
      "p10": -0.12891139595964146,
      "p50": -0.009986310217312257,
      "p90": 0.30230994952086016,
      "p99": 0.37257660796194897,
      "min": -0.15864266739522379,
      "max": 0.38038401445540326,
      "var": 0.0516708296290428,
      "std": 0.2273121853949823,
      "spread": 0.4312213454805016,
      "saturated": false
    },
    "S_sonic_pca": {
      "mean": 0.07058501228096709,
      "p01": -0.1556695402516526,
      "p10": -0.12891139595962955,
      "p50": -0.009986310217304957,
      "p90": 0.30230994952087253,
      "p99": 0.37257660796196246,
      "min": -0.1586426673952107,
      "max": 0.3803840144554169,
      "var": 0.051670829629043236,
      "std": 0.22731218539498324,
      "spread": 0.43122134548050206,
      "saturated": false
    },
    "T_raw": {
      "mean": 0.9957465415376406,
      "p01": 0.9930355194396606,
      "p10": 0.993671887557038,
      "p50": 0.9965001903009374,
      "p90": 0.997519736012925,
      "p99": 0.9977491337981221,
      "min": 0.9929648118710631,
      "max": 0.9977746224409219,
      "var": 4.13970618219673e-06,
      "std": 0.002034626791870374,
      "spread": 0.0038478484558870374,
      "saturated": true
    },
    "T_centered": {
      "mean": 0.29930100480764826,
      "p01": -0.9316480175579742,
      "p10": -0.5978143844401017,
      "p50": 0.8858906516393317,
      "p90": 0.9617805353227248,
      "p99": 0.9788557591514883,
      "min": -0.96874064345996,
      "max": 0.9807530062435731,
      "var": 0.8054646219241265,
      "std": 0.897476808571746,
      "spread": 1.5595949197628265,
      "saturated": false
    },
    "T_centered_rescaled": {
      "mean": 0.6496505024038242,
      "p01": 0.034175991221012905,
      "p10": 0.20109280777994915,
      "p50": 0.9429453258196658,
      "p90": 0.9808902676613624,
      "p99": 0.9894278795757442,
      "min": 0.015629678270019987,
      "max": 0.9903765031217866,
      "var": 0.20136615548103162,
      "std": 0.448738404285873,
      "spread": 0.7797974598814132,
      "saturated": false
    },
    "G_genre": {
      "mean": 0.8918983340263367,
      "p01": 0.682181179523468,
      "p10": 0.7405560612678528,
      "p50": 0.9999999403953552,
      "p90": 1.0,
      "p99": 1.0,
      "min": 0.6756950616836548,
      "max": 1.0,
      "var": 0.023371927440166473,
      "std": 0.1528788059949875,
      "spread": 0.2594439387321472,
      "saturated": false
    }
  },
  "correlations": {
    "corr(S_sonic_raw,S_sonic_centered)": 0.9656947081294375,
    "corr(S_sonic_raw,S_sonic_z)": 0.473444101265926,
    "corr(S_sonic_raw,S_sonic_pca)": 0.47344410126591546,
    "corr(S_sonic_raw,T_raw)": -0.5359861990806273,
    "corr(S_sonic_raw,T_centered)": -0.7626676574602884,
    "corr(S_sonic_raw,T_centered_rescaled)": -0.7626676574602884,
    "corr(S_sonic_raw,G_genre)": -0.734047229611916,
    "corr(S_sonic_centered,S_sonic_z)": 0.6859348527001298,
    "corr(S_sonic_centered,S_sonic_pca)": 0.6859348527001212,
    "corr(S_sonic_centered,T_raw)": -0.2983701893504173,
    "corr(S_sonic_centered,T_centered)": -0.5685455098543009,
    "corr(S_sonic_centered,T_centered_rescaled)": -0.5685455098543009,
    "corr(S_sonic_centered,G_genre)": -0.5325172103307969,
    "corr(S_sonic_z,S_sonic_pca)": 0.9999999999999998,
    "corr(S_sonic_z,T_raw)": 0.4898555596812333,
    "corr(S_sonic_z,T_centered)": 0.20862806865368902,
    "corr(S_sonic_z,T_centered_rescaled)": 0.20862806865368902,
    "corr(S_sonic_z,G_genre)": 0.2506357652353818,
    "corr(S_sonic_pca,T_raw)": 0.48985555968124367,
    "corr(S_sonic_pca,T_centered)": 0.20862806865370062,
    "corr(S_sonic_pca,T_centered_rescaled)": 0.20862806865370062,
    "corr(S_sonic_pca,G_genre)": 0.25063576523539327,
    "corr(T_raw,T_centered)": 0.9548172373464804,
    "corr(T_raw,T_centered_rescaled)": 0.9548172373464804,
    "corr(T_raw,G_genre)": 0.9667522325652722,
    "corr(T_centered,T_centered_rescaled)": 0.9999999999999998,
    "corr(T_centered,G_genre)": 0.9990685370240625,
    "corr(T_centered_rescaled,G_genre)": 0.9990685370240625
  },
  "notes": [],
  "pairs": [
    {
      "prev_id": "1c347ff04e65adf7923a9e3927ab667a",
      "cur_id": "083fe622b0600fb6f67084dde4753809",
      "label": "same_artist_fela"
    },
    {
      "prev_id": "1c347ff04e65adf7923a9e3927ab667a",
      "cur_id": "bf7c6b0c26427ade2eb16454c66315f1",
      "label": "cross_artist"
    },
    {
      "prev_id": "bf7c6b0c26427ade2eb16454c66315f1",
      "cur_id": "b08abdacc5368fa07123c2eb2b602249",
      "label": "same_artist_dave"
    }
  ]
}