{
  "artifact": "experiments/genre_similarity_lab/artifacts/data_matrices_step1.npz",
  "seed": 1,
  "n": 20000,
  "variants": {
    "raw": {
      "auc_a": 0.4905959798994975,
      "d_a": -0.09207327525553341,
      "within_a_stats": {
        "p10": 0.9636676893960405,
        "p50": 0.9945554952353481,
        "p90": 0.9992364510387818,
        "spread": 0.03556876164274125,
        "mean": 0.9848635192599401
      },
      "across_stats": {
        "p10": 0.9671676488917613,
        "p50": 0.9950961541001303,
        "p90": 0.9991530174844643,
        "spread": 0.031985368592702956,
        "mean": 0.9877096111960504
      }
    },
    "z": {
      "auc_a": 0.5235040201005026,
      "d_a": 0.09222605502864085,
      "within_a_stats": {
        "p10": -0.3042760594548425,
        "p50": 0.03190294453914125,
        "p90": 0.38423793452038574,
        "spread": 0.6885139939752283,
        "mean": 0.03716328779382034
      },
      "across_stats": {
        "p10": -0.31090110501951485,
        "p50": 0.011562130794232014,
        "p90": 0.3456093558466501,
        "spread": 0.6565104608661649,
        "mean": 0.012581955177596301
      }
    }
  }
}