{
  "artifact": "experiments\\genre_similarity_lab\\artifacts\\data_matrices_step1.npz",
  "timestamp_utc": "20251215_035742",
  "mode": "random",
  "pair_count": 50000,
  "metrics": {
    "S_sonic_raw": {
      "mean": 0.9786896025989278,
      "p01": 0.7778263701157375,
      "p10": 0.941178834713421,
      "p50": 0.995011436995832,
      "p90": 0.9993845862025252,
      "p99": 0.9998326812865691,
      "min": 0.024523719500510705,
      "max": 0.9999739005554569,
      "var": 0.002026921997380037,
      "std": 0.04502135046153144,
      "spread": 0.05820575148910423,
      "saturated": false
    },
    "S_sonic_centered": {
      "mean": 0.005670866243178462,
      "p01": -0.9980399983749326,
      "p10": -0.9895542493255419,
      "p50": 0.028604761390592752,
      "p90": 0.9897453566204518,
      "p99": 0.9982584565720135,
      "min": -0.9997744959843284,
      "max": 0.9998036486718277,
      "var": 0.7685979986044832,
      "std": 0.8766972103323263,
      "spread": 1.9792996059459937,
      "saturated": false
    },
    "S_sonic_z": {
      "mean": 0.002769143329707962,
      "p01": -0.6507069421266287,
      "p10": -0.3945649716160063,
      "p50": -0.0008673403903203605,
      "p90": 0.4071893240586495,
      "p99": 0.674823486042396,
      "min": -0.8692101015066401,
      "max": 0.9395609719252278,
      "var": 0.09210081827022787,
      "std": 0.30348116625291244,
      "spread": 0.8017542956746557,
      "saturated": false
    },
    "S_sonic_pca": {
      "mean": 0.0027691433297078855,
      "p01": -0.6507069421266132,
      "p10": -0.39456497161601234,
      "p50": -0.0008673403903135054,
      "p90": 0.4071893240586479,
      "p99": 0.6748234860423938,
      "min": -0.8692101015066419,
      "max": 0.9395609719252279,
      "var": 0.09210081827022779,
      "std": 0.30348116625291227,
      "spread": 0.8017542956746602,
      "saturated": false
    },
    "T_raw": {
      "mean": 0.9767635563545258,
      "p01": 0.7581290380463908,
      "p10": 0.9369263827661852,
      "p50": 0.994129182694599,
      "p90": 0.9992637217429526,
      "p99": 0.999805176606595,
      "min": 0.025536778777886605,
      "max": 0.9999686004831009,
      "var": 0.002396746758394936,
      "std": 0.04895658033803971,
      "spread": 0.06233733897676741,
      "saturated": false
    },
    "T_centered": {
      "mean": 0.0020338595163585456,
      "p01": -0.9977784872187334,
      "p10": -0.987860117225246,
      "p50": 0.004062406328529229,
      "p90": 0.9873342802743518,
      "p99": 0.9979589771801559,
      "min": -0.9997129828568275,
      "max": 0.9998154543180281,
      "var": 0.7472922971266546,
      "std": 0.8644606972712262,
      "spread": 1.9751943974995978,
      "saturated": false
    },
    "T_centered_rescaled": {
      "mean": 0.5010169297581794,
      "p01": 0.001110756390633289,
      "p10": 0.006069941387376998,
      "p50": 0.5020312031642646,
      "p90": 0.9936671401371758,
      "p99": 0.998979488590078,
      "min": 0.0001435085715862372,
      "max": 0.999907727159014,
      "var": 0.18682307428166361,
      "std": 0.43223034863561305,
      "spread": 0.9875971987497988,
      "saturated": false
    },
    "G_genre": {
      "mean": 0.376086950302124,
      "p01": 0.023472687229514122,
      "p10": 0.08447545766830444,
      "p50": 0.32908445596694946,
      "p90": 0.7367809414863586,
      "p99": 0.9382243156433105,
      "min": 0.0,
      "max": 1.000000238418579,
      "var": 0.06023940071463585,
      "std": 0.2454371601343155,
      "spread": 0.6523054838180542,
      "saturated": false
    }
  },
  "correlations": {
    "corr(S_sonic_raw,S_sonic_centered)": 0.1952171516146491,
    "corr(S_sonic_raw,S_sonic_z)": 0.19041664640689596,
    "corr(S_sonic_raw,S_sonic_pca)": 0.19041664640689254,
    "corr(S_sonic_raw,T_raw)": 0.8869181418536785,
    "corr(S_sonic_raw,T_centered)": 0.1749792245227526,
    "corr(S_sonic_raw,T_centered_rescaled)": 0.1749792245227526,
    "corr(S_sonic_raw,G_genre)": 0.07839133019128795,
    "corr(S_sonic_centered,S_sonic_z)": 0.3848365050713973,
    "corr(S_sonic_centered,S_sonic_pca)": 0.3848365050713966,
    "corr(S_sonic_centered,T_raw)": 0.17353016751829647,
    "corr(S_sonic_centered,T_centered)": 0.7931016367399917,
    "corr(S_sonic_centered,T_centered_rescaled)": 0.7931016367399916,
    "corr(S_sonic_centered,G_genre)": 0.05608998554992499,
    "corr(S_sonic_z,S_sonic_pca)": 0.9999999999999998,
    "corr(S_sonic_z,T_raw)": 0.16636421760619996,
    "corr(S_sonic_z,T_centered)": 0.336622751236603,
    "corr(S_sonic_z,T_centered_rescaled)": 0.33662275123660307,
    "corr(S_sonic_z,G_genre)": 0.07961553044294316,
    "corr(S_sonic_pca,T_raw)": 0.16636421760619718,
    "corr(S_sonic_pca,T_centered)": 0.33662275123660296,
    "corr(S_sonic_pca,T_centered_rescaled)": 0.33662275123660296,
    "corr(S_sonic_pca,G_genre)": 0.07961553044294341,
    "corr(T_raw,T_centered)": 0.18405440151580657,
    "corr(T_raw,T_centered_rescaled)": 0.1840544015158066,
    "corr(T_raw,G_genre)": 0.062491053556641946,
    "corr(T_centered,T_centered_rescaled)": 1.0,
    "corr(T_centered,G_genre)": 0.04918850181979728,
    "corr(T_centered_rescaled,G_genre)": 0.04918850181979728
  },
  "notes": []
}