{
  "baseline": {
    "stats": {
      "mean": 0.6962859900615431,
      "p01": 0.0,
      "p10": 0.5908789478673847,
      "p50": 0.7035975447290932,
      "p90": 0.9608235911789569,
      "p99": 0.9608235911789569,
      "min": 0.0,
      "max": 0.9608235911789569,
      "var": 0.06996560836545512,
      "std": 0.2645101290413188,
      "spread": 0.3699446433115722,
      "saturated": false
    },
    "pair_count": 20
  },
  "blocks": {
    "mfcc": {
      "range": [
        0,
        1
      ],
      "stats": {
        "mean": 0.29999999999617727,
        "p01": 0.0,
        "p10": 0.0,
        "p50": 0.0,
        "p90": 0.9999999999872575,
        "p99": 0.9999999999872575,
        "min": 0.0,
        "max": 0.9999999999872575,
        "var": 0.20999999999464816,
        "std": 0.45825756948974466,
        "spread": 0.9999999999872575,
        "saturated": false
      },
      "corr_with_baseline": 0.6547216631720942,
      "delta_p50_vs_baseline": -0.7035975447290932,
      "delta_spread_vs_baseline": 0.6300553566756854
    },
    "rest": {
      "range": [
        2,
        3
      ],
      "stats": {
        "mean": 0.724264068710438,
        "p01": 0.0,
        "p10": 0.636396103066571,
        "p50": 0.7071067811851297,
        "p90": 0.9999999999979179,
        "p99": 0.9999999999979179,
        "min": 0.0,
        "max": 0.9999999999979179,
        "var": 0.07544155877252812,
        "std": 0.27466626799177235,
        "spread": 0.36360389693134687,
        "saturated": false
      },
      "corr_with_baseline": 0.9976218879331066,
      "delta_p50_vs_baseline": 0.003509236456036513,
      "delta_spread_vs_baseline": -0.006340746380225304
    }
  },
  "norms": {
    "mean": 1.0457110877353952,
    "min": 0.7615773105863909,
    "max": 1.4212670403551895,
    "std": 0.23767271822246827
  },
  "top_variance_dims": [
    {
      "index": 0,
      "label": "dim_00",
      "variance": 0.171875
    },
    {
      "index": 1,
      "label": "dim_01",
      "variance": 0.171875
    },
    {
      "index": 2,
      "label": "dim_02",
      "variance": 0.006875000000000001
    },
    {
      "index": 3,
      "label": "dim_03",
      "variance": 0.006875000000000001
    }
  ],
  "notes": []
}