{
  "artifact": "experiments\\genre_similarity_lab\\artifacts\\data_matrices_step1.npz",
  "n_tracks": 34100,
  "uses": {
    "S_sonic_matrix": "X_sonic (aggregate)",
    "transitions_start": "X_sonic_start",
    "transitions_end": "X_sonic_end",
    "center_transitions": false
  },
  "modes": {
    "random": {
      "count": 50000,
      "metrics": {
        "S_sonic": {
          "mean": 0.9789262119059419,
          "p01": 0.7748698334646468,
          "p10": 0.9428883012728736,
          "p50": 0.9951347916196355,
          "p90": 0.9993828200604011,
          "p99": 0.9998278791819462,
          "min": 0.0030620410318759296,
          "max": 0.9999665858343278,
          "var": 0.002092479246885472,
          "std": 0.04574362520489027,
          "spread": 0.05649451878752754,
          "saturated": false
        },
        "S_hybrid": {
          "mean": 0.021817397743355078,
          "p01": -0.47841682048511225,
          "p10": -0.2772640187693566,
          "p50": -0.033650889386109196,
          "p90": 0.4211769939240423,
          "p99": 0.7773222492262284,
          "min": -0.7433557156286085,
          "max": 0.9961451903212302,
          "var": 0.07436638658236543,
          "std": 0.2727020105946515,
          "spread": 0.6984410126933989,
          "saturated": false
        },
        "T_raw": {
          "mean": 0.9771790570973157,
          "p01": 0.7577122668496303,
          "p10": 0.938849636311714,
          "p50": 0.9943298303511106,
          "p90": 0.9992565119359216,
          "p99": 0.999799064401216,
          "min": 0.012408087970527688,
          "max": 0.9999753638664133,
          "var": 0.002394333214417585,
          "std": 0.04893192428688642,
          "spread": 0.060406875624207546,
          "saturated": false
        },
        "G_genre": {
          "mean": 0.3769778907299042,
          "p01": 0.023472759872674942,
          "p10": 0.08328264206647873,
          "p50": 0.3299069404602051,
          "p90": 0.7377328276634216,
          "p99": 0.9223918318748474,
          "min": 0.0,
          "max": 1.000000238418579,
          "var": 0.0603233203291893,
          "std": 0.24560806155204773,
          "spread": 0.6544501855969429,
          "saturated": false
        }
      },
      "correlations": {
        "corr_S_sonic__G_genre": 0.07356228608234358,
        "corr_S_sonic__T_raw": 0.8971863100650579,
        "corr_S_sonic__T_centered_rescaled": null,
        "corr_T_centered_rescaled__G_genre": null
      }
    },
    "same_artist": {
      "count": 50000,
      "metrics": {
        "S_sonic": {
          "mean": 0.9916111146217301,
          "p01": 0.9014846507473301,
          "p10": 0.9802926349537247,
          "p50": 0.9981557125669036,
          "p90": 0.9997752626439863,
          "p99": 0.9999436762807117,
          "min": 0.0461782104329632,
          "max": 0.9999999999999991,
          "var": 0.0006087641270375586,
          "std": 0.02467314586828276,
          "spread": 0.019482627690261656,
          "saturated": false
        },
        "S_hybrid": {
          "mean": 0.8047494543582924,
          "p01": 0.07665302204513996,
          "p10": 0.5609153405928985,
          "p50": 0.8652356962096012,
          "p90": 0.9727202088016029,
          "p99": 0.995214012159727,
          "min": -0.5403842812793817,
          "max": 0.9999999999997872,
          "var": 0.03666103508989735,
          "std": 0.19147071601134558,
          "spread": 0.41180486820870443,
          "saturated": false
        },
        "T_raw": {
          "mean": 0.9883957821121089,
          "p01": 0.8537458534915071,
          "p10": 0.9725081380417797,
          "p50": 0.9973865331111298,
          "p90": 0.9996664895377602,
          "p99": 0.9999201681083943,
          "min": 0.046114777976163576,
          "max": 0.9999907638864901,
          "var": 0.0009764172381780662,
          "std": 0.031247675724412945,
          "spread": 0.02715835149598045,
          "saturated": false
        },
        "G_genre": {
          "mean": 0.968980073928833,
          "p01": 0.518921434879303,
          "p10": 0.9060044884681702,
          "p50": 1.0,
          "p90": 1.0,
          "p99": 1.0000001192092896,
          "min": 0.024624105542898178,
          "max": 1.000000238418579,
          "var": 0.008426688611507416,
          "std": 0.09179699420928955,
          "spread": 0.09399551153182983,
          "saturated": false
        }
      },
      "correlations": {
        "corr_S_sonic__G_genre": 0.04411478737444798,
        "corr_S_sonic__T_raw": 0.7955236453962103,
        "corr_S_sonic__T_centered_rescaled": null,
        "corr_T_centered_rescaled__G_genre": null
      }
    }
  }
}