{
  "baseline": {
    "stats": {
      "mean": 0.9848101230965185,
      "p01": 0.7956488391180386,
      "p10": 0.9634924116586967,
      "p50": 0.9946079915908191,
      "p90": 0.999233512386018,
      "p99": 0.9997989824766451,
      "min": 0.7133754516284606,
      "max": 0.9999569151473842,
      "var": 0.0009807862549781484,
      "std": 0.03131750716417493,
      "spread": 0.035741100727321284,
      "saturated": false
    },
    "pair_count": 20000
  },
  "blocks": {
    "dim_00": {
      "range": [
        0,
        0
      ],
      "stats": {
        "mean": 0.9946893492895044,
        "p01": 0.8942560685148465,
        "p10": 0.9899671196268286,
        "p50": 0.9984102383295077,
        "p90": 0.9997081504686837,
        "p99": 0.99991664119856,
        "min": 0.8550008027889848,
        "max": 0.9999999193790733,
        "var": 0.00022757800534854803,
        "std": 0.015085688759501437,
        "spread": 0.00974103084185507,
        "saturated": false
      },
      "corr_with_baseline": 0.945968671618088,
      "delta_p50_vs_baseline": 0.003802246738688564,
      "delta_spread_vs_baseline": -0.026000069885466215
    },
    "dim_01": {
      "range": [
        1,
        1
      ],
      "stats": {
        "mean": 0.9871188715134954,
        "p01": 0.8220586522785941,
        "p10": 0.9695069988981193,
        "p50": 0.9956625797477271,
        "p90": 0.9994900615256833,
        "p99": 0.999870271270938,
        "min": 0.7503056981592882,
        "max": 0.9999827675622351,
        "var": 0.0007415946009238059,
        "std": 0.02723223459291958,
        "spread": 0.029983062627564006,
        "saturated": false
      },
      "corr_with_baseline": 0.9975998840752572,
      "delta_p50_vs_baseline": 0.001054588156907954,
      "delta_spread_vs_baseline": -0.005758038099757279
    },
    "dim_02": {
      "range": [
        2,
        2
      ],
      "stats": {
        "mean": 0.9850629496133548,
        "p01": 0.7995624900815697,
        "p10": 0.9637879870436719,
        "p50": 0.9947649310241753,
        "p90": 0.9993163474229158,
        "p99": 0.9998367964324184,
        "min": 0.7168806893187776,
        "max": 0.9999679438466749,
        "var": 0.0009525255023476316,
        "std": 0.030863011880690315,
        "spread": 0.035528360379243895,
        "saturated": false
      },
      "corr_with_baseline": 0.9999302384511987,
      "delta_p50_vs_baseline": 0.00015693943335615135,
      "delta_spread_vs_baseline": -0.00021274034807738929
    },
    "dim_03": {
      "range": [
        3,
        3
      ],
      "stats": {
        "mean": 0.9848730381131394,
        "p01": 0.7957677969426104,
        "p10": 0.9636519054786646,
        "p50": 0.9946692820582894,
        "p90": 0.9992690762660624,
        "p99": 0.9998257898802267,
        "min": 0.7136020234593458,
        "max": 0.9999744472108348,
        "var": 0.0009792659078957083,
        "std": 0.031293224632429756,
        "spread": 0.03561717078739779,
        "saturated": false
      },
      "corr_with_baseline": 0.9999957954715204,
      "delta_p50_vs_baseline": 6.129046747027633e-05,
      "delta_spread_vs_baseline": -0.000123929939923495
    },
    "dim_04": {
      "range": [
        4,
        4
      ],
      "stats": {
        "mean": 0.9848451627586728,
        "p01": 0.7960114076158062,
        "p10": 0.9635249805067593,
        "p50": 0.9946428352823072,
        "p90": 0.9992513584200166,
        "p99": 0.9998121133685515,
        "min": 0.713832487561457,
        "max": 0.9999620907113342,
        "var": 0.000978168145790313,
        "std": 0.03127567978142622,
        "spread": 0.03572637791325728,
        "saturated": false
      },
      "corr_with_baseline": 0.9999985277772857,
      "delta_p50_vs_baseline": 3.484369148809563e-05,
      "delta_spread_vs_baseline": -1.472281406400544e-05
    },
    "dim_05": {
      "range": [
        5,
        5
      ],
      "stats": {
        "mean": 0.9848283368265879,
        "p01": 0.7956984874709816,
        "p10": 0.9635083785382035,
        "p50": 0.9946259009174134,
        "p90": 0.9992508633445419,
        "p99": 0.9998031615026167,
        "min": 0.7134102374981167,
        "max": 0.9999699680202268,
        "var": 0.000980514526214446,
        "std": 0.031313168575128995,
        "spread": 0.03574248480633846,
        "saturated": false
      },
      "corr_with_baseline": 0.999999612605198,
      "delta_p50_vs_baseline": 1.7909326594289787e-05,
      "delta_spread_vs_baseline": 1.3840790171748552e-06
    },
    "dim_06": {
      "range": [
        6,
        6
      ],
      "stats": {
        "mean": 0.9848255056657317,
        "p01": 0.7957490811307568,
        "p10": 0.963521370925864,
        "p50": 0.9946268114715716,
        "p90": 0.9992415958783748,
        "p99": 0.9998007585162013,
        "min": 0.7134590689486865,
        "max": 0.9999629760134177,
        "var": 0.0009801581436361206,
        "std": 0.03130747743968077,
        "spread": 0.035720224952510815,
        "saturated": false
      },
      "corr_with_baseline": 0.9999996376318813,
      "delta_p50_vs_baseline": 1.8819880752474205e-05,
      "delta_spread_vs_baseline": -2.0875774810469316e-05
    },
    "dim_07": {
      "range": [
        7,
        7
      ],
      "stats": {
        "mean": 0.9848214556151881,
        "p01": 0.795697168743085,
        "p10": 0.9635454809539852,
        "p50": 0.9946108977253623,
        "p90": 0.9992418259331916,
        "p99": 0.9998019524994664,
        "min": 0.7134041671820548,
        "max": 0.9999601285614024,
        "var": 0.0009804967576269314,
        "std": 0.031312884849961226,
        "spread": 0.035696344979206374,
        "saturated": false
      },
      "corr_with_baseline": 0.9999998230043502,
      "delta_p50_vs_baseline": 2.9061345431236063e-06,
      "delta_spread_vs_baseline": -4.475574811491079e-05
    },
    "dim_08": {
      "range": [
        8,
        8
      ],
      "stats": {
        "mean": 0.9848288109767018,
        "p01": 0.7956882720240959,
        "p10": 0.9635622956441986,
        "p50": 0.9946187371535684,
        "p90": 0.9992432166481668,
        "p99": 0.9997991504414032,
        "min": 0.7133933028358873,
        "max": 0.9999575415958405,
        "var": 0.0009804019680274242,
        "std": 0.03131137122560148,
        "spread": 0.03568092100396825,
        "saturated": false
      },
      "corr_with_baseline": 0.9999990972482944,
      "delta_p50_vs_baseline": 1.0745562749270299e-05,
      "delta_spread_vs_baseline": -6.017972335303767e-05
    },
    "dim_09": {
      "range": [
        9,
        9
      ],
      "stats": {
        "mean": 0.9848213353657169,
        "p01": 0.7956491512116487,
        "p10": 0.9635583263672973,
        "p50": 0.9946157603243864,
        "p90": 0.999237526943499,
        "p99": 0.9998006337286203,
        "min": 0.7133762597190556,
        "max": 0.9999582376766047,
        "var": 0.000980639912857467,
        "std": 0.0313151706503009,
        "spread": 0.035679200576201664,
        "saturated": false
      },
      "corr_with_baseline": 0.9999996495387705,
      "delta_p50_vs_baseline": 7.768733567226072e-06,
      "delta_spread_vs_baseline": -6.190015111962044e-05
    },
    "dim_10": {
      "range": [
        10,
        10
      ],
      "stats": {
        "mean": 0.9848203649354815,
        "p01": 0.7956770903951536,
        "p10": 0.9635594035121764,
        "p50": 0.9946100227497565,
        "p90": 0.9992370875682636,
        "p99": 0.9998011176866166,
        "min": 0.7133896251433572,
        "max": 0.9999571005676671,
        "var": 0.0009804568065840018,
        "std": 0.031312246910498165,
        "spread": 0.03567768405608718,
        "saturated": false
      },
      "corr_with_baseline": 0.999999788938608,
      "delta_p50_vs_baseline": 2.031158937376709e-06,
      "delta_spread_vs_baseline": -6.341667123410666e-05
    },
    "dim_11": {
      "range": [
        11,
        11
      ],