{
  "baseline": {
    "stats": {
      "mean": 0.9368647210919492,
      "p01": 0.7158335816403248,
      "p10": 0.8750963855394865,
      "p50": 0.9612444419724162,
      "p90": 0.9891355987616142,
      "p99": 0.9954161167102918,
      "min": 0.7067191468730387,
      "max": 0.9985518669940396,
      "var": 0.004242319043802721,
      "std": 0.06513308716622236,
      "spread": 0.11403921322212762,
      "saturated": false
    },
    "pair_count": 780
  },
  "blocks": {
    "dim_00": {
      "range": [
        0,
        0
      ],
      "stats": {
        "mean": 0.9817731911218348,
        "p01": 0.9070611055117616,
        "p10": 0.9577145828641469,
        "p50": 0.9886524786196647,
        "p90": 0.9977723133681662,
        "p99": 0.9996503131710347,
        "min": 0.9032489517880931,
        "max": 0.999745079011748,
        "var": 0.00040957732766373463,
        "std": 0.020238016890588233,
        "spread": 0.040057730504019284,
        "saturated": false
      },
      "corr_with_baseline": 0.9683363704985875,
      "delta_p50_vs_baseline": 0.027408036647248446,
      "delta_spread_vs_baseline": -0.07398148271810834
    },
    "dim_01": {
      "range": [
        1,
        1
      ],
      "stats": {
        "mean": 0.9447916682636627,
        "p01": 0.7366692148413011,
        "p10": 0.8911263696240981,
        "p50": 0.9675986795338558,
        "p90": 0.9905584344578248,
        "p99": 0.9957224756958284,
        "min": 0.728988429760177,
        "max": 0.9985997297432663,
        "var": 0.0036076624981901265,
        "std": 0.060063820209757944,
        "spread": 0.09943206483372669,
        "saturated": false
      },
      "corr_with_baseline": 0.996870244440679,
      "delta_p50_vs_baseline": 0.006354237561439602,
      "delta_spread_vs_baseline": -0.014607148388400937
    },
    "dim_02": {
      "range": [
        2,
        2
      ],
      "stats": {
        "mean": 0.9377116349264375,
        "p01": 0.7225527085134292,
        "p10": 0.8775733530202917,
        "p50": 0.9614474865090465,
        "p90": 0.9892359212099638,
        "p99": 0.9954652794681192,
        "min": 0.7134562800858018,
        "max": 0.9986646720779451,
        "var": 0.004065468287228407,
        "std": 0.06376102482887494,
        "spread": 0.11166256818967213,
        "saturated": false
      },
      "corr_with_baseline": 0.9999526226937,
      "delta_p50_vs_baseline": 0.00020304453663033684,
      "delta_spread_vs_baseline": -0.0023766450324554933
    },
    "dim_03": {
      "range": [
        3,
        3
      ],
      "stats": {
        "mean": 0.9369793931703023,
        "p01": 0.7167966380430516,
        "p10": 0.8751029025874754,
        "p50": 0.9613980863096883,
        "p90": 0.9891893050325592,
        "p99": 0.9954697425658466,
        "min": 0.7081500809872193,
        "max": 0.9985572332553787,
        "var": 0.004231323629042776,
        "std": 0.0650486251126246,
        "spread": 0.11408640244508383,
        "saturated": false
      },
      "corr_with_baseline": 0.9999953677350848,
      "delta_p50_vs_baseline": 0.00015364433727205196,
      "delta_spread_vs_baseline": 4.7189222956212085e-05
    },
    "dim_04": {
      "range": [
        4,
        4
      ],
      "stats": {
        "mean": 0.9369259212067478,
        "p01": 0.7163264693800938,
        "p10": 0.8751593835860437,
        "p50": 0.9612576172542465,
        "p90": 0.989135600861383,
        "p99": 0.9954351163452528,
        "min": 0.707195039774169,
        "max": 0.9986043963523951,
        "var": 0.004232851523598495,
        "std": 0.06506036830205078,
        "spread": 0.11397621727533924,
        "saturated": false
      },
      "corr_with_baseline": 0.9999994094017252,
      "delta_p50_vs_baseline": 1.3175281830313246e-05,
      "delta_spread_vs_baseline": -6.299594678838005e-05
    },
    "dim_05": {
      "range": [
        5,
        5
      ],
      "stats": {
        "mean": 0.9369080591294231,
        "p01": 0.7159234062978723,
        "p10": 0.8750997480413252,
        "p50": 0.9613556164102153,
        "p90": 0.9891547963281538,
        "p99": 0.9954477253383296,
        "min": 0.7068989704960306,
        "max": 0.9985675934479281,
        "var": 0.004243045347246256,
        "std": 0.06513866246129296,
        "spread": 0.11405504828682866,
        "saturated": false
      },
      "corr_with_baseline": 0.9999995742230451,
      "delta_p50_vs_baseline": 0.00011117443779906644,
      "delta_spread_vs_baseline": 1.58350647010419e-05
    },
    "dim_06": {
      "range": [
        6,
        6
      ],
      "stats": {
        "mean": 0.9368925892852282,
        "p01": 0.7158500782731888,
        "p10": 0.8750979517192101,
        "p50": 0.9613476658619886,
        "p90": 0.9891424995454221,
        "p99": 0.9954342090672662,
        "min": 0.706753164811205,
        "max": 0.9985985520761412,
        "var": 0.004243320633828969,
        "std": 0.06514077550834783,
        "spread": 0.11404454782621198,
        "saturated": false
      },
      "corr_with_baseline": 0.9999998240902573,
      "delta_p50_vs_baseline": 0.00010322388957240136,
      "delta_spread_vs_baseline": 5.334604084361594e-06
    },
    "dim_07": {
      "range": [
        7,
        7
      ],
      "stats": {
        "mean": 0.9369116560986741,
        "p01": 0.7158331975969567,
        "p10": 0.8750993130220944,
        "p50": 0.9613452527264327,
        "p90": 0.9891426256847338,
        "p99": 0.9954395172345313,
        "min": 0.7067235687867465,
        "max": 0.998553040107358,
        "var": 0.004242569213105397,
        "std": 0.06513500758505672,
        "spread": 0.11404331266263934,
        "saturated": false
      },
      "corr_with_baseline": 0.999999407740747,
      "delta_p50_vs_baseline": 0.00010081075401646711,
      "delta_spread_vs_baseline": 4.0994405117178445e-06
    },
    "dim_08": {
      "range": [
        8,
        8
      ],
      "stats": {
        "mean": 0.9369181541648322,
        "p01": 0.7158460649331768,
        "p10": 0.8750991437964518,
        "p50": 0.9613088653429225,
        "p90": 0.9891520507103087,
        "p99": 0.995422249630926,
        "min": 0.7067271667129379,
        "max": 0.9985636133011594,
        "var": 0.004241050900175029,
        "std": 0.06512335142001699,
        "spread": 0.11405290691385683,
        "saturated": false
      },
      "corr_with_baseline": 0.9999992521078811,
      "delta_p50_vs_baseline": 6.442337050627245e-05,
      "delta_spread_vs_baseline": 1.3693691729210755e-05
    },
    "dim_09": {
      "range": [
        9,
        9
      ],
      "stats": {
        "mean": 0.9369023002598047,
        "p01": 0.715856219949498,
        "p10": 0.8751105411865101,
        "p50": 0.9612781296469031,
        "p90": 0.9891461324230197,
        "p99": 0.9954360499124911,
        "min": 0.7067305602273161,
        "max": 0.9985631620935443,
        "var": 0.004240950291248139,
        "std": 0.06512257896650085,
        "spread": 0.11403559123650964,
        "saturated": false
      },
      "corr_with_baseline": 0.9999997645837788,
      "delta_p50_vs_baseline": 3.368767448685972e-05,
      "delta_spread_vs_baseline": -3.621985617985324e-06
    },
    "dim_10": {
      "range": [
        10,
        10
      ],
      "stats": {
        "mean": 0.9368892512941269,
        "p01": 0.7158542746588854,
        "p10": 0.8751052508677699,
        "p50": 0.9612633119215794,
        "p90": 0.9891573585473741,
        "p99": 0.9954262318423787,
        "min": 0.7067334057724762,
        "max": 0.9985629951703464,
        "var": 0.004242257322654188,
        "std": 0.06513261335655271,
        "spread": 0.11405210767960416,
        "saturated": false
      },
      "corr_with_baseline": 0.9999998183709496,
      "delta_p50_vs_baseline": 1.886994916322493e-05,
      "delta_spread_vs_baseline": 1.2894457476542165e-05
    },
    "dim_11": {
      "range": [
        11,
        11
      ],