{
  "artifact": "experiments\\genre_similarity_lab\\artifacts\\data_matrices_step1.npz",
  "timestamp_utc": "20251215_035752",
  "mode": "same_artist (Radiohead)",
  "pair_count": 20000,
  "metrics": {
    "S_sonic_raw": {
      "mean": 0.9848101230965185,
      "p01": 0.7956488391180386,
      "p10": 0.9634924116586967,
      "p50": 0.9946079915908191,
      "p90": 0.999233512386018,
      "p99": 0.9997989824766451,
      "min": 0.7133754516284606,
      "max": 0.9999569151473842,
      "var": 0.0009807862549781484,
      "std": 0.03131750716417493,
      "spread": 0.035741100727321284,
      "saturated": false
    },
    "S_sonic_centered": {
      "mean": 0.08074300883122694,
      "p01": -0.9976522982592126,
      "p10": -0.9866176896820528,
      "p50": 0.49154950195294156,
      "p90": 0.9925076592834139,
      "p99": 0.9982887866115662,
      "min": -0.9995180025588593,
      "max": 0.999637177612662,
      "var": 0.7720514080321547,
      "std": 0.8786645594492557,
      "spread": 1.9791253489654665,
      "saturated": false
    },
    "S_sonic_z": {
      "mean": 0.03641860110544195,
      "p01": -0.5504061327348552,
      "p10": -0.3085186088208579,
      "p50": 0.03552285289168117,
      "p90": 0.381367999252449,
      "p99": 0.6678622189315863,
      "min": -0.7489756190859507,
      "max": 0.9978573238245504,
      "var": 0.07143992903914793,
      "std": 0.26728248921159786,
      "spread": 0.6898866080733069,
      "saturated": false
    },
    "S_sonic_pca": {
      "mean": 0.036418601105444426,
      "p01": -0.5504061327348606,
      "p10": -0.30851860882086574,
      "p50": 0.035522852891685434,
      "p90": 0.38136799925245196,
      "p99": 0.6678622189315855,
      "min": -0.7489756190859597,
      "max": 0.9978573238245504,
      "var": 0.07143992903914809,
      "std": 0.26728248921159814,
      "spread": 0.6898866080733177,
      "saturated": false
    },
    "T_raw": {
      "mean": 0.98113173261177,
      "p01": 0.7897062922020235,
      "p10": 0.9546804653535873,
      "p50": 0.9935215009476017,
      "p90": 0.9990341466938242,
      "p99": 0.9997602744775137,
      "min": 0.557298010851247,
      "max": 0.9999500733495607,
      "var": 0.00148593286941624,
      "std": 0.038547799799939816,
      "spread": 0.04435368134023687,
      "saturated": false
    },
    "T_centered": {
      "mean": 0.07174896750323533,
      "p01": -0.9972993954969063,
      "p10": -0.9835170790222655,
      "p50": 0.3301335602674834,
      "p90": 0.9914114787114483,
      "p99": 0.9983807543427613,
      "min": -0.9997641570129745,
      "max": 0.9997511779733521,
      "var": 0.7619180113518601,
      "std": 0.8728791504852548,
      "spread": 1.9749285577337137,
      "saturated": false
    },
    "T_centered_rescaled": {
      "mean": 0.5358744837516176,
      "p01": 0.00135030225154688,
      "p10": 0.00824146048886723,
      "p50": 0.6650667801337418,
      "p90": 0.9957057393557242,
      "p99": 0.9991903771713807,
      "min": 0.0001179214935127515,
      "max": 0.9998755889866761,
      "var": 0.19047950283796505,
      "std": 0.43643957524262744,
      "spread": 0.987464278866857,
      "saturated": false
    },
    "G_genre": {
      "mean": 0.9856709241867065,
      "p01": 0.9537521600723267,
      "p10": 0.9634619951248169,
      "p50": 0.9876182675361633,
      "p90": 1.0,
      "p99": 1.0,
      "min": 0.9437398910522461,
      "max": 1.0,
      "var": 0.00016579977818764746,
      "std": 0.012876326218247414,
      "spread": 0.036538004875183105,
      "saturated": false
    }
  },
  "correlations": {
    "corr(S_sonic_raw,S_sonic_centered)": 0.1358419683593608,
    "corr(S_sonic_raw,S_sonic_z)": 0.11445934736543012,
    "corr(S_sonic_raw,S_sonic_pca)": 0.1144593473654309,
    "corr(S_sonic_raw,T_raw)": 0.6790735884676934,
    "corr(S_sonic_raw,T_centered)": 0.12402844114783461,
    "corr(S_sonic_raw,T_centered_rescaled)": 0.12402844114783458,
    "corr(S_sonic_raw,G_genre)": 0.12538995262177055,
    "corr(S_sonic_centered,S_sonic_z)": 0.39107403966519294,
    "corr(S_sonic_centered,S_sonic_pca)": 0.3910740396651956,
    "corr(S_sonic_centered,T_raw)": 0.11550263688470984,
    "corr(S_sonic_centered,T_centered)": 0.7773776708621041,
    "corr(S_sonic_centered,T_centered_rescaled)": 0.7773776708621039,
    "corr(S_sonic_centered,G_genre)": -0.0265793075655675,
    "corr(S_sonic_z,S_sonic_pca)": 1.0,
    "corr(S_sonic_z,T_raw)": 0.09623679750048848,
    "corr(S_sonic_z,T_centered)": 0.320049134366237,
    "corr(S_sonic_z,T_centered_rescaled)": 0.320049134366237,
    "corr(S_sonic_z,G_genre)": -0.0034065095457805807,
    "corr(S_sonic_pca,T_raw)": 0.09623679750048801,
    "corr(S_sonic_pca,T_centered)": 0.3200491343662386,
    "corr(S_sonic_pca,T_centered_rescaled)": 0.3200491343662386,
    "corr(S_sonic_pca,G_genre)": -0.003406509545784714,
    "corr(T_raw,T_centered)": 0.13358954272561663,
    "corr(T_raw,T_centered_rescaled)": 0.13358954272561663,
    "corr(T_raw,G_genre)": 0.1556949634286991,
    "corr(T_centered,T_centered_rescaled)": 1.0,
    "corr(T_centered,G_genre)": -0.01898862026127554,
    "corr(T_centered_rescaled,G_genre)": -0.01898862026127554
  },
  "notes": []
}