{
  "artifact": "experiments\\genre_similarity_lab\\artifacts\\data_matrices_step1.npz",
  "timestamp_utc": "20251215_023146",
  "mode": "manual_pairs (pairs_punk_ambient.json)",
  "pair_count": 2,
  "metrics": {
    "S_sonic_raw": {
      "mean": 0.9693535592593405,
      "p01": 0.9693535592593405,
      "p10": 0.9693535592593405,
      "p50": 0.9693535592593405,
      "p90": 0.9693535592593405,
      "p99": 0.9693535592593405,
      "min": 0.9693535592593405,
      "max": 0.9693535592593405,
      "var": 0.0,
      "std": 0.0,
      "spread": 0.0,
      "saturated": true
    },
    "S_sonic_centered": {
      "mean": -0.9814096927918617,
      "p01": -0.9814096927918617,
      "p10": -0.9814096927918617,
      "p50": -0.9814096927918617,
      "p90": -0.9814096927918617,
      "p99": -0.9814096927918617,
      "min": -0.9814096927918617,
      "max": -0.9814096927918617,
      "var": 0.0,
      "std": 0.0,
      "spread": 0.0,
      "saturated": true
    },
    "S_sonic_z": {
      "mean": -0.3148600448020703,
      "p01": -0.3148600448020703,
      "p10": -0.3148600448020703,
      "p50": -0.3148600448020703,
      "p90": -0.3148600448020703,
      "p99": -0.3148600448020703,
      "min": -0.3148600448020703,
      "max": -0.3148600448020703,
      "var": 0.0,
      "std": 0.0,
      "spread": 0.0,
      "saturated": true
    },
    "S_sonic_pca": {
      "mean": -0.3148600448020777,
      "p01": -0.3148600448020777,
      "p10": -0.3148600448020777,
      "p50": -0.3148600448020777,
      "p90": -0.3148600448020777,
      "p99": -0.3148600448020777,
      "min": -0.3148600448020777,
      "max": -0.3148600448020777,
      "var": 0.0,
      "std": 0.0,
      "spread": 0.0,
      "saturated": true
    },
    "T_raw": {
      "mean": 0.9717116552445465,
      "p01": 0.969898551399174,
      "p10": 0.9702315704728138,
      "p50": 0.9717116552445465,
      "p90": 0.9731917400162792,
      "p99": 0.973524759089919,
      "min": 0.9698615492798807,
      "max": 0.9735617612092123,
      "var": 3.422892080492111e-06,
      "std": 0.001850105964665838,
      "spread": 0.0029601695434653408,
      "saturated": true
    },
    "T_centered": {
      "mean": -0.8782816338843453,
      "p01": -0.9847437248729938,
      "p10": -0.9651894632628338,
      "p50": -0.8782816338843453,
      "p90": -0.7913738045058569,
      "p99": -0.771819542895697,
      "min": -0.986916420607456,
      "max": -0.7696468471612348,
      "var": 0.01180151688637573,
      "std": 0.10863478672311061,
      "spread": 0.1738156587569769,
      "saturated": false
    },
    "T_centered_rescaled": {
      "mean": 0.06085918305782731,
      "p01": 0.007628137563503111,
      "p10": 0.01740526836858307,
      "p50": 0.06085918305782731,
      "p90": 0.10431309774707155,
      "p99": 0.1140902285521515,
      "min": 0.006541789696272005,
      "max": 0.11517657641938261,
      "var": 0.0029503792215939324,
      "std": 0.054317393361555305,
      "spread": 0.08690782937848848,
      "saturated": false
    },
    "G_genre": {
      "mean": 0.060382336378097534,
      "p01": 0.060382336378097534,
      "p10": 0.060382336378097534,
      "p50": 0.060382336378097534,
      "p90": 0.060382336378097534,
      "p99": 0.060382336378097534,
      "min": 0.060382336378097534,
      "max": 0.060382336378097534,
      "var": 0.0,
      "std": 0.0,
      "spread": 0.0,
      "saturated": true
    }
  },
  "correlations": {
    "corr(S_sonic_raw,S_sonic_centered)": null,
    "corr(S_sonic_raw,S_sonic_z)": null,
    "corr(S_sonic_raw,S_sonic_pca)": null,
    "corr(S_sonic_raw,T_raw)": null,
    "corr(S_sonic_raw,T_centered)": null,
    "corr(S_sonic_raw,T_centered_rescaled)": null,
    "corr(S_sonic_raw,G_genre)": null,
    "corr(S_sonic_centered,S_sonic_z)": null,
    "corr(S_sonic_centered,S_sonic_pca)": null,
    "corr(S_sonic_centered,T_raw)": null,
    "corr(S_sonic_centered,T_centered)": null,
    "corr(S_sonic_centered,T_centered_rescaled)": null,
    "corr(S_sonic_centered,G_genre)": null,
    "corr(S_sonic_z,S_sonic_pca)": null,
    "corr(S_sonic_z,T_raw)": null,
    "corr(S_sonic_z,T_centered)": null,
    "corr(S_sonic_z,T_centered_rescaled)": null,
    "corr(S_sonic_z,G_genre)": null,
    "corr(S_sonic_pca,T_raw)": null,
    "corr(S_sonic_pca,T_centered)": null,
    "corr(S_sonic_pca,T_centered_rescaled)": null,
    "corr(S_sonic_pca,G_genre)": null,
    "corr(T_raw,T_centered)": 1.0,
    "corr(T_raw,T_centered_rescaled)": 1.0,
    "corr(T_raw,G_genre)": null,
    "corr(T_centered,T_centered_rescaled)": 1.0,
    "corr(T_centered,G_genre)": null,
    "corr(T_centered_rescaled,G_genre)": null
  },
  "notes": [],
  "pairs": [
    {
      "prev_id": "8c5c22941e4739b5a15adf0615d4132e",
      "cur_id": "e8eef6f87b9bc6c56ab14a534af23ea6",
      "label": "punk_to_ambient"
    },
    {
      "prev_id": "e8eef6f87b9bc6c56ab14a534af23ea6",
      "cur_id": "8c5c22941e4739b5a15adf0615d4132e",
      "label": "ambient_to_punk"
    }
  ]
}