{
  "artifact": "C:\\Users\\Dylan\\AppData\\Local\\Temp\\pytest-of-Dylan\\pytest-56\\test_script_runs_and_writes_js0\\artifact.npz",
  "timestamp_utc": "20251215_195835",
  "mode": "random",
  "pair_count": 20,
  "metrics": {
    "S_sonic_raw": {
      "mean": 0.7242640687092408,
      "p01": 0.0,
      "p10": 0.6363961030650063,
      "p50": 0.7071067811852152,
      "p90": 0.9999999999955803,
      "p99": 0.9999999999955803,
      "min": 0.0,
      "max": 0.9999999999955803,
      "var": 0.07544155877215841,
      "std": 0.27466626799109933,
      "spread": 0.36360389693057404,
      "saturated": false
    },
    "S_sonic_centered": {
      "mean": -0.39999999999830294,
      "p01": -0.9999999999971715,
      "p10": -0.9999999999954746,
      "p50": 0.0,
      "p90": 0.0,
      "p99": 0.0,
      "min": -0.9999999999971715,
      "max": 0.0,
      "var": 0.23999999999796354,
      "std": 0.48989794855455715,
      "spread": 0.9999999999954746,
      "saturated": false
    },
    "S_sonic_z": {
      "mean": -0.39999999999930025,
      "p01": -0.9999999999988336,
      "p10": -0.9999999999981339,
      "p50": 0.0,
      "p90": 0.0,
      "p99": 0.0,
      "min": -0.9999999999988336,
      "max": 0.0,
      "var": 0.23999999999916036,
      "std": 0.4898979485557787,
      "spread": 0.9999999999981339,
      "saturated": false
    },
    "S_sonic_pca": {
      "mean": -0.39999999999930025,
      "p01": -0.9999999999988336,
      "p10": -0.9999999999981339,
      "p50": -1.3084103822344442e-16,
      "p90": 2.014951988641073e-17,
      "p99": 2.0149519886410444e-16,
      "min": -0.9999999999988336,
      "max": 2.0149519886410444e-16,
      "var": 0.23999999999916036,
      "std": 0.4898979485557787,
      "spread": 0.9999999999981339,
      "saturated": false
    },
    "T_raw": {
      "mean": 0.7242640687092408,
      "p01": 0.0,
      "p10": 0.6363961030650063,
      "p50": 0.7071067811852152,
      "p90": 0.9999999999955803,
      "p99": 0.9999999999955803,
      "min": 0.0,
      "max": 0.9999999999955803,
      "var": 0.07544155877215841,
      "std": 0.27466626799109933,
      "spread": 0.36360389693057404,
      "saturated": false
    },
    "T_centered": {
      "mean": -0.39999999999830294,
      "p01": -0.9999999999971715,
      "p10": -0.9999999999954746,
      "p50": 0.0,
      "p90": 0.0,
      "p99": 0.0,
      "min": -0.9999999999971715,
      "max": 0.0,
      "var": 0.23999999999796354,
      "std": 0.48989794855455715,
      "spread": 0.9999999999954746,
      "saturated": false
    },
    "T_centered_rescaled": {
      "mean": 0.30000000000084853,
      "p01": 1.4142575999187557e-12,
      "p10": 2.262678933107054e-12,
      "p50": 0.5,
      "p90": 0.5,
      "p99": 0.5,
      "min": 1.4142575999187557e-12,
      "max": 0.5,
      "var": 0.059999999999490884,
      "std": 0.24494897427727857,
      "spread": 0.4999999999977373,
      "saturated": false
    },
    "G_genre": {
      "mean": 0.29999999999939997,
      "p01": 0.0,
      "p10": 0.0,
      "p50": 0.0,
      "p90": 0.9999999999979998,
      "p99": 0.9999999999979998,
      "min": 0.0,
      "max": 0.9999999999979998,
      "var": 0.20999999999915991,
      "std": 0.4582575694946674,
      "spread": 0.9999999999979998,
      "saturated": false
    }
  },
  "correlations": {
    "corr(S_sonic_raw,S_sonic_centered)": -0.07650484370210921,
    "corr(S_sonic_raw,S_sonic_z)": -0.07650484370272674,
    "corr(S_sonic_raw,S_sonic_pca)": -0.07650484370272674,
    "corr(S_sonic_raw,T_raw)": 0.9999999999999998,
    "corr(S_sonic_raw,T_centered)": -0.07650484370210921,
    "corr(S_sonic_raw,T_centered_rescaled)": -0.07650484370210921,
    "corr(S_sonic_raw,G_genre)": 0.6572031610686694,
    "corr(S_sonic_centered,S_sonic_z)": 0.9999999999999998,
    "corr(S_sonic_centered,S_sonic_pca)": 0.9999999999999998,
    "corr(S_sonic_centered,T_raw)": -0.07650484370210921,
    "corr(S_sonic_centered,T_centered)": 1.0,
    "corr(S_sonic_centered,T_centered_rescaled)": 1.0,
    "corr(S_sonic_centered,G_genre)": -0.8017837257366432,
    "corr(S_sonic_z,S_sonic_pca)": 0.9999999999999998,
    "corr(S_sonic_z,T_raw)": -0.07650484370272674,
    "corr(S_sonic_z,T_centered)": 0.9999999999999998,
    "corr(S_sonic_z,T_centered_rescaled)": 0.9999999999999998,
    "corr(S_sonic_z,G_genre)": -0.8017837257370134,
    "corr(S_sonic_pca,T_raw)": -0.07650484370272674,
    "corr(S_sonic_pca,T_centered)": 0.9999999999999998,
    "corr(S_sonic_pca,T_centered_rescaled)": 0.9999999999999998,
    "corr(S_sonic_pca,G_genre)": -0.8017837257370134,
    "corr(T_raw,T_centered)": -0.07650484370210921,
    "corr(T_raw,T_centered_rescaled)": -0.07650484370210921,
    "corr(T_raw,G_genre)": 0.6572031610686694,
    "corr(T_centered,T_centered_rescaled)": 1.0,
    "corr(T_centered,G_genre)": -0.8017837257366432,
    "corr(T_centered_rescaled,G_genre)": -0.8017837257366432
  },
  "notes": []
}