{
  "baseline": {
    "stats": {
      "mean": 0.9786896025989278,
      "p01": 0.7778263701157375,
      "p10": 0.941178834713421,
      "p50": 0.995011436995832,
      "p90": 0.9993845862025252,
      "p99": 0.9998326812865691,
      "min": 0.024523719500510705,
      "max": 0.9999739005554569,
      "var": 0.002026921997380037,
      "std": 0.04502135046153144,
      "spread": 0.05820575148910423,
      "saturated": false
    },
    "pair_count": 50000
  },
  "blocks": {
    "dim_00": {
      "range": [
        0,
        0
      ],
      "stats": {
        "mean": 0.9938411624298615,
        "p01": 0.9376172383192003,
        "p10": 0.9840495100187984,
        "p50": 0.9984376711459659,
        "p90": 0.9997514871200605,
        "p99": 0.999921906382077,
        "min": 0.0,
        "max": 0.9999886521410292,
        "var": 0.0003202154403514514,
        "std": 0.017894564547690214,
        "spread": 0.015701977101262088,
        "saturated": false
      },
      "corr_with_baseline": 0.7733481585601734,
      "delta_p50_vs_baseline": 0.0034262341501338778,
      "delta_spread_vs_baseline": -0.04250377438784214
    },
    "dim_01": {
      "range": [
        1,
        1
      ],
      "stats": {
        "mean": 0.9811744640722985,
        "p01": 0.7885267324622403,
        "p10": 0.9492033446117986,
        "p50": 0.9960280763388403,
        "p90": 0.9995553669286293,
        "p99": 0.9998869078266418,
        "min": 0.02453734573548207,
        "max": 0.9999907888458025,
        "var": 0.001792040628108422,
        "std": 0.04233250084873822,
        "spread": 0.05035202231683078,
        "saturated": false
      },
      "corr_with_baseline": 0.9961796920602728,
      "delta_p50_vs_baseline": 0.0010166393430082188,
      "delta_spread_vs_baseline": -0.00785372917227345
    },
    "dim_02": {
      "range": [
        2,
        2
      ],
      "stats": {
        "mean": 0.9790186431748414,
        "p01": 0.7805437841248548,
        "p10": 0.9417813735886622,
        "p50": 0.995211597965209,
        "p90": 0.9994668182962966,
        "p99": 0.9998691225970225,
        "min": 0.024523719503421196,
        "max": 0.9999770036029053,
        "var": 0.0019881478057545217,
        "std": 0.04458865108695846,
        "spread": 0.05768544470763437,
        "saturated": false
      },
      "corr_with_baseline": 0.9999074539744276,
      "delta_p50_vs_baseline": 0.00020016096937691685,
      "delta_spread_vs_baseline": -0.0005203067814698592
    },
    "dim_03": {
      "range": [
        3,
        3
      ],
      "stats": {
        "mean": 0.9787794012623825,
        "p01": 0.7778138307220582,
        "p10": 0.9413758629753544,
        "p50": 0.9950982681354956,
        "p90": 0.9994176931232712,
        "p99": 0.9998517882425343,
        "min": 0.024524792926839508,
        "max": 0.9999754460735942,
        "var": 0.0020236127663556635,
        "std": 0.044984583652132024,
        "spread": 0.05804183014791686,
        "saturated": false
      },
      "corr_with_baseline": 0.9999908967072109,
      "delta_p50_vs_baseline": 8.683113966356792e-05,
      "delta_spread_vs_baseline": -0.00016392134118736745
    },
    "dim_04": {
      "range": [
        4,
        4
      ],
      "stats": {
        "mean": 0.9787388085244262,
        "p01": 0.7781688597248945,
        "p10": 0.9413067533119844,
        "p50": 0.9950575294925308,
        "p90": 0.999399422959345,
        "p99": 0.9998437342397969,
        "min": 0.024523746786636543,
        "max": 0.9999760177464829,
        "var": 0.0020239801154705106,
        "std": 0.04498866652247553,
        "spread": 0.058092669647360595,
        "saturated": false
      },
      "corr_with_baseline": 0.9999972806300126,
      "delta_p50_vs_baseline": 4.6092496698735275e-05,
      "delta_spread_vs_baseline": -0.00011308184174363412
    },
    "dim_05": {
      "range": [
        5,
        5
      ],
      "stats": {
        "mean": 0.9787203929938821,
        "p01": 0.7778255012399592,
        "p10": 0.9412229529413909,
        "p50": 0.995041553120465,
        "p90": 0.9993949831277201,
        "p99": 0.9998397041324492,
        "min": 0.024524016185454797,
        "max": 0.9999742292648599,
        "var": 0.002025827910122479,
        "std": 0.04500919806131275,
        "spread": 0.058172030186329216,
        "saturated": false
      },
      "corr_with_baseline": 0.9999988879562683,
      "delta_p50_vs_baseline": 3.0116124632995067e-05,
      "delta_spread_vs_baseline": -3.372130277501384e-05
    },
    "dim_06": {
      "range": [
        6,
        6
      ],
      "stats": {
        "mean": 0.9787118800725252,
        "p01": 0.7778436065229082,
        "p10": 0.9411798805369394,
        "p50": 0.9950282296941623,
        "p90": 0.9993916353803316,
        "p99": 0.9998384549211183,
        "min": 0.024523727429669212,
        "max": 0.9999773006699223,
        "var": 0.0020258909513312085,
        "std": 0.04500989837059409,
        "spread": 0.05821175484339225,
        "saturated": false
      },
      "corr_with_baseline": 0.9999994092786235,
      "delta_p50_vs_baseline": 1.6792698330214684e-05,
      "delta_spread_vs_baseline": 6.003354288020013e-06
    },
    "dim_07": {
      "range": [
        7,
        7
      ],
      "stats": {
        "mean": 0.9787131366248484,
        "p01": 0.7778389436210837,
        "p10": 0.9412365952863984,
        "p50": 0.9950241012997614,
        "p90": 0.9993911860878666,
        "p99": 0.9998377302772415,
        "min": 0.024523898230250814,
        "max": 0.9999745654960221,
        "var": 0.002025667860918149,
        "std": 0.045007420065119805,
        "spread": 0.05815459080146823,
        "saturated": false
      },
      "corr_with_baseline": 0.9999993562987456,
      "delta_p50_vs_baseline": 1.2664303929321719e-05,
      "delta_spread_vs_baseline": -5.1160687635998237e-05
    },
    "dim_08": {
      "range": [
        8,
        8
      ],
      "stats": {
        "mean": 0.9787069021254728,
        "p01": 0.7778563670360226,
        "p10": 0.941214610946691,
        "p50": 0.9950252469684372,
        "p90": 0.999390687492971,
        "p99": 0.9998368492714649,
        "min": 0.02452372002176046,
        "max": 0.999974153273162,
        "var": 0.0020260670029708374,
        "std": 0.04501185402725417,
        "spread": 0.05817607654627999,
        "saturated": false
      },
      "corr_with_baseline": 0.9999996534424299,
      "delta_p50_vs_baseline": 1.3809972605138832e-05,
      "delta_spread_vs_baseline": -2.9674942824242656e-05
    },
    "dim_09": {
      "range": [
        9,
        9
      ],
      "stats": {
        "mean": 0.978706038308446,
        "p01": 0.7778892645184011,
        "p10": 0.9412287503763197,
        "p50": 0.9950219552920764,
        "p90": 0.9993895651176607,
        "p99": 0.9998370893970252,
        "min": 0.024523843752543417,
        "max": 0.9999743255207486,
        "var": 0.0020258974364140265,
        "std": 0.04500997041116586,
        "spread": 0.05816081474134105,
        "saturated": false
      },
      "corr_with_baseline": 0.9999996785721059,
      "delta_p50_vs_baseline": 1.0518296244321768e-05,
      "delta_spread_vs_baseline": -4.493674776318013e-05
    },
    "dim_10": {
      "range": [
        10,
        10
      ],
      "stats": {
        "mean": 0.9787025228250923,
        "p01": 0.7778250337765356,
        "p10": 0.9412025809052467,
        "p50": 0.9950203928855037,
        "p90": 0.9993890886909117,
        "p99": 0.99983491767,
        "min": 0.024523736922369983,
        "max": 0.9999740764600549,
        "var": 0.0020262978855556195,
        "std": 0.045014418640649125,
        "spread": 0.05818650778566503,
        "saturated": false
      },
      "corr_with_baseline": 0.9999998031813871,
      "delta_p50_vs_baseline": 8.955889671646844e-06,
      "delta_spread_vs_baseline": -1.92437034391979e-05
    },
    "dim_11": {
      "range": [
        11,
        11
      ],