{
  "artifact": "experiments/genre_similarity_lab/artifacts/data_matrices_step1.npz",
  "seed": 1,
  "n": 50000,
  "variants": {
    "raw": {
      "auc_a": 0.9996686390532543,
      "d_a": 1.2377601867361276,
      "auc_b": 0.7625022104332448,
      "d_b": 0.6260152086850684,
      "within_a_stats": {
        "p10": 0.998060853982988,
        "p50": 0.9996071111424302,
        "p90": 0.9999319421934613,
        "spread": 0.0018710882104732152,
        "mean": 0.9993104375389001
      },
      "within_b_stats": {
        "p10": 0.9188813245745848,
        "p50": 0.9896219326392891,
        "p90": 0.9979925417117012,
        "spread": 0.07911121713711633,
        "mean": 0.9721245381138056
      },
      "across_stats": {
        "p10": 0.8749657517433234,
        "p50": 0.9620407197287002,
        "p90": 0.9900307053417581,
        "spread": 0.11506495359843472,
        "mean": 0.9378114060922692
      }
    },
    "z": {
      "auc_a": 1.0,
      "d_a": 6.576589440615009,
      "auc_b": 0.9948629531388151,
      "d_b": 3.896252517472209,
      "within_a_stats": {
        "p10": 0.44754380877744454,
        "p50": 0.6776671832175024,
        "p90": 0.8819823553550333,
        "spread": 0.4344385465775888,
        "mean": 0.6678078908179877
      },
      "within_b_stats": {
        "p10": 0.08449633157186374,
        "p50": 0.41058137351753426,
        "p90": 0.6759611104972386,
        "spread": 0.5914647789253749,
        "mean": 0.38672020849916466
      },
      "across_stats": {
        "p10": -0.6392887859587233,
        "p50": -0.44562812851649203,
        "p90": -0.19499024169115195,
        "spread": 0.4442985442675713,
        "mean": -0.4267718865183112
      }
    }
  }
}