{
  "artifact": "C:\\Users\\Dylan\\AppData\\Local\\Temp\\pytest-of-Dylan\\pytest-45\\test_separability_script_creat0\\art.npz",
  "seed": 1,
  "n": 50,
  "variants": {
    "raw": {
      "auc_a": 1.0,
      "d_a": 19.137334536182383,
      "auc_b": 1.0,
      "d_b": 19.137334536182383,
      "within_a_stats": {
        "p10": 0.9938837346715274,
        "p50": 0.9938837346715274,
        "p90": 0.9938837346715274,
        "spread": 0.0,
        "mean": 0.9938837346715274
      },
      "within_b_stats": {
        "p10": 0.9938837346715274,
        "p50": 0.9938837346715274,
        "p90": 0.9938837346715274,
        "spread": 0.0,
        "mean": 0.9938837346715274
      },
      "across_stats": {
        "p10": 0.032926829268219965,
        "p50": 0.10975609756073319,
        "p90": 0.11022889752044987,
        "spread": 0.0773020682522299,
        "mean": 0.08248593029902013
      }
    },
    "z": {
      "auc_a": 1.0,
      "d_a": 42.7943975262794,
      "auc_b": 1.0,
      "d_b": 42.759213458852464,
      "within_a_stats": {
        "p10": 0.9955460509052799,
        "p50": 0.9955460509052799,
        "p90": 0.9955460509052799,
        "spread": 0.0,
        "mean": 0.9955460509052799
      },
      "within_b_stats": {
        "p10": 0.9942564502270803,
        "p50": 0.9942564502270803,
        "p90": 0.9942564502270803,
        "spread": 0.0,
        "mean": 0.9942564502270803
      },
      "across_stats": {
        "p10": -0.5967980725519269,
        "p50": -0.5927049201379617,
        "p90": -0.5334263768770142,
        "spread": 0.06337169567491263,
        "mean": -0.5729958519783251
      }
    }
  }
}