{
  "artifact": "experiments\\genre_similarity_lab\\artifacts\\data_matrices_step1.npz",
  "timestamp_utc": "20251215_023013",
  "mode": "random",
  "pair_count": 100000,
  "metrics": {
    "S_sonic_raw": {
      "mean": 0.9788064758316483,
      "p01": 0.7738602251618122,
      "p10": 0.941931778690627,
      "p50": 0.9950269019143215,
      "p90": 0.9993733877932341,
      "p99": 0.9998305655248857,
      "min": 0.0037563930332974523,
      "max": 0.999978934239114,
      "var": 0.0020463698107844415,
      "std": 0.04523681919393141,
      "spread": 0.057441609102607094,
      "saturated": false
    },
    "S_sonic_centered": {
      "mean": 8.660319044059968e-05,
      "p01": -0.9980648362597793,
      "p10": -0.9896637160327231,
      "p50": 0.002316482796457256,
      "p90": 0.9894799108841762,
      "p99": 0.9982370070744105,
      "min": -0.9998666674091929,
      "max": 0.9998540098815936,
      "var": 0.7685943218991671,
      "std": 0.8766951134226579,
      "spread": 1.9791436269168994,
      "saturated": false
    },
    "S_sonic_z": {
      "mean": -0.00018305296613925723,
      "p01": -0.651576643061965,
      "p10": -0.3993479161289257,
      "p50": -0.0032528976971889136,
      "p90": 0.40334497642198547,
      "p99": 0.6711812602020074,
      "min": -0.8885686205976409,
      "max": 0.9153825957746861,
      "var": 0.09187377722367042,
      "std": 0.3031068742600049,
      "spread": 0.8026928925509111,
      "saturated": false
    },
    "S_sonic_pca": {
      "mean": -0.0001830529661393589,
      "p01": -0.6515766430619677,
      "p10": -0.3993479161289378,
      "p50": -0.0032528976971823095,
      "p90": 0.40334497642198425,
      "p99": 0.6711812602020093,
      "min": -0.8885686205976387,
      "max": 0.9153825957746861,
      "var": 0.09187377722367036,
      "std": 0.3031068742600048,
      "spread": 0.802692892550922,
      "saturated": false
    },
    "T_raw": {
      "mean": 0.9769012816502788,
      "p01": 0.7550672345116587,
      "p10": 0.9378880170066036,
      "p50": 0.9942472056613958,
      "p90": 0.9992552973958337,
      "p99": 0.9998016328598732,
      "min": -0.008040734692951242,
      "max": 0.9999850032119817,
      "var": 0.002458884658475288,
      "std": 0.049587142068033,
      "spread": 0.06136728038923012,
      "saturated": false
    },
    "T_centered": {
      "mean": 0.0033197845572513216,
      "p01": -0.997669127808011,
      "p10": -0.9875601451971029,
      "p50": 0.012038406548875329,
      "p90": 0.9875304763979521,
      "p99": 0.9979233672347309,
      "min": -0.9996854549686824,
      "max": 0.9997759876997925,
      "var": 0.7477967779194252,
      "std": 0.8647524373596326,
      "spread": 1.975090621595055,
      "saturated": false
    },
    "T_centered_rescaled": {
      "mean": 0.5016598922786256,
      "p01": 0.0011654360959944877,
      "p10": 0.006219927401448578,
      "p50": 0.5060192032744377,
      "p90": 0.993765238198976,
      "p99": 0.9989616836173655,
      "min": 0.00015727251565877953,
      "max": 0.9998879938498962,
      "var": 0.1869491944798563,
      "std": 0.4323762186798163,
      "spread": 0.9875453107975274,
      "saturated": false
    },
    "G_genre": {
      "mean": 0.37519359588623047,
      "p01": 0.02290439046919346,
      "p10": 0.08350212872028351,
      "p50": 0.3277035355567932,
      "p90": 0.7377709150314331,
      "p99": 0.9250016212463379,
      "min": 0.0,
      "max": 1.0000001192092896,
      "var": 0.06017445772886276,
      "std": 0.24530482292175293,
      "spread": 0.6542687863111496,
      "saturated": false
    }
  },
  "correlations": {
    "corr(S_sonic_raw,S_sonic_centered)": 0.19434034482926726,
    "corr(S_sonic_raw,S_sonic_z)": 0.1864798897250488,
    "corr(S_sonic_raw,S_sonic_pca)": 0.18647988972504517,
    "corr(S_sonic_raw,T_raw)": 0.8849297399363759,
    "corr(S_sonic_raw,T_centered)": 0.17655445434744416,
    "corr(S_sonic_raw,T_centered_rescaled)": 0.17655445434744418,
    "corr(S_sonic_raw,G_genre)": 0.07818691756123494,
    "corr(S_sonic_centered,S_sonic_z)": 0.3766085973993541,
    "corr(S_sonic_centered,S_sonic_pca)": 0.37660859739935393,
    "corr(S_sonic_centered,T_raw)": 0.1747635979917087,
    "corr(S_sonic_centered,T_centered)": 0.7940141164729679,
    "corr(S_sonic_centered,T_centered_rescaled)": 0.7940141164729683,
    "corr(S_sonic_centered,G_genre)": 0.04885274032461214,
    "corr(S_sonic_z,S_sonic_pca)": 1.0,
    "corr(S_sonic_z,T_raw)": 0.16601053990465298,
    "corr(S_sonic_z,T_centered)": 0.3316876973540918,
    "corr(S_sonic_z,T_centered_rescaled)": 0.3316876973540918,
    "corr(S_sonic_z,G_genre)": 0.07264899980334613,
    "corr(S_sonic_pca,T_raw)": 0.16601053990464987,
    "corr(S_sonic_pca,T_centered)": 0.33168769735409165,
    "corr(S_sonic_pca,T_centered_rescaled)": 0.3316876973540917,
    "corr(S_sonic_pca,G_genre)": 0.07264899980334653,
    "corr(T_raw,T_centered)": 0.18631896006435336,
    "corr(T_raw,T_centered_rescaled)": 0.1863189600643534,
    "corr(T_raw,G_genre)": 0.06440604080067877,
    "corr(T_centered,T_centered_rescaled)": 1.0,
    "corr(T_centered,G_genre)": 0.0436886603354412,
    "corr(T_centered_rescaled,G_genre)": 0.04368866033544121
  },
  "notes": []
}