{
  "artifact": "experiments\\genre_similarity_lab\\artifacts\\data_matrices_step1.npz",
  "n_tracks": 34100,
  "uses": {
    "S_sonic_matrix": "X_sonic (aggregate)",
    "transitions_start": "X_sonic_start",
    "transitions_end": "X_sonic_end",
    "center_transitions": true
  },
  "modes": {
    "random": {
      "count": 100000,
      "metrics": {
        "S_sonic": {
          "mean": 0.9783786336252134,
          "p01": 0.7731681117106058,
          "p10": 0.9402546295985188,
          "p50": 0.995008411403069,
          "p90": 0.999372040189181,
          "p99": 0.9998300850579236,
          "min": 0.03288934137998537,
          "max": 0.9999772200970272,
          "var": 0.002133339822569811,
          "std": 0.046188091783162154,
          "spread": 0.05911741059066222,
          "saturated": false
        },
        "S_hybrid": {
          "mean": 0.01993657115977753,
          "p01": -0.4798283896909073,
          "p10": -0.2779588274952413,
          "p50": -0.03532029414579255,
          "p90": 0.4175725582112073,
          "p99": 0.776614535819288,
          "min": -0.7648321474225044,
          "max": 0.9943942640191458,
          "var": 0.07379197773289618,
          "std": 0.2716467885561988,
          "spread": 0.6955313857064487,
          "saturated": false
        },
        "T_raw": {
          "mean": 0.9766985606940045,
          "p01": 0.7575910473550653,
          "p10": 0.9372398532818559,
          "p50": 0.9942266828525759,
          "p90": 0.9992528735752716,
          "p99": 0.9998020270573497,
          "min": 0.03288934137998537,
          "max": 0.9999748171178457,
          "var": 0.0024195245476949924,
          "std": 0.049188662796369985,
          "spread": 0.06201302029341571,
          "saturated": false
        },
        "T_centered_cos": {
          "mean": 0.006447676433840498,
          "p01": -0.997721751375649,
          "p10": -0.9875222948076113,
          "p50": 0.029705631310179656,
          "p90": 0.987723007879814,
          "p99": 0.9979686898771103,
          "min": -0.999794973503939,
          "max": 0.9997982730393409,
          "var": 0.7483832532451811,
          "std": 0.8650914710278799,
          "spread": 1.9752453026874255,
          "saturated": false
        },
        "T_centered_rescaled": {
          "mean": 0.5032238382169203,
          "p01": 0.0011391243121755235,
          "p10": 0.006238852596194328,
          "p50": 0.5148528156550898,
          "p90": 0.993861503939907,
          "p99": 0.9989843449385551,
          "min": 0.00010251324803051132,
          "max": 0.9998991365196704,
          "var": 0.18709581331129527,
          "std": 0.43254573551393993,
          "spread": 0.9876226513437127,
          "saturated": false
        },
        "G_genre": {
          "mean": 0.37742602825164795,
          "p01": 0.02323220670223236,
          "p10": 0.08432761579751968,
          "p50": 0.33203616738319397,
          "p90": 0.7388467788696289,
          "p99": 0.9247329831123352,
          "min": 0.0,
          "max": 1.000000238418579,
          "var": 0.06014792621135712,
          "std": 0.24525074660778046,
          "spread": 0.6545191630721092,
          "saturated": false
        }
      },
      "correlations": {
        "corr_S_sonic__G_genre": 0.07757430013558778,
        "corr_S_sonic__T_raw": 0.9008909230720208,
        "corr_S_sonic__T_centered_rescaled": 0.17329878683819633,
        "corr_T_centered_rescaled__G_genre": 0.04658650198410562
      }
    },
    "same_artist": {
      "count": 100000,
      "metrics": {
        "S_sonic": {
          "mean": 0.9917664619969114,
          "p01": 0.9003213716864538,
          "p10": 0.9810394185135305,
          "p50": 0.9981645426007273,
          "p90": 0.9997728874066503,
          "p99": 0.9999450538994773,
          "min": 0.06199629714645833,
          "max": 0.9999999999999992,
          "var": 0.0005751540436352186,
          "std": 0.023982369433298675,
          "spread": 0.018733468893119776,
          "saturated": false
        },
        "S_hybrid": {
          "mean": 0.8051839990643391,
          "p01": 0.08866991862846615,
          "p10": 0.5617655557319101,
          "p50": 0.8655426377548734,
          "p90": 0.9727010211623903,
          "p99": 0.9952878513966692,
          "min": -0.5463866305723504,
          "max": 0.9999999876418147,
          "var": 0.036283335351014495,
          "std": 0.1904818504504156,
          "spread": 0.4109354654304802,
          "saturated": false
        },
        "T_raw": {
          "mean": 0.9885515721875927,
          "p01": 0.8558509946259586,
          "p10": 0.9730962810291559,
          "p50": 0.9974056186170823,
          "p90": 0.9996682961530468,
          "p99": 0.9999200296116864,
          "min": 0.04509726336644557,
          "max": 0.9999934927284017,
          "var": 0.0009440328024965894,
          "std": 0.03072511680200076,
          "spread": 0.026572015123890846,
          "saturated": false
        },
        "T_centered_cos": {
          "mean": 0.3819364689414777,
          "p01": -0.9935583365737862,
          "p10": -0.9433776988972989,
          "p50": 0.912438287110481,
          "p90": 0.9965892696552726,
          "p99": 0.999463296578408,
          "min": -0.9995587178962388,
          "max": 0.9999740488226145,
          "var": 0.6206422794142381,
          "std": 0.7878085296658307,
          "spread": 1.9399669685525716,
          "saturated": false
        },
        "T_centered_rescaled": {
          "mean": 0.690968234470739,
          "p01": 0.003220831713106889,
          "p10": 0.028311150551350528,
          "p50": 0.9562191435552405,
          "p90": 0.9982946348276363,
          "p99": 0.999731648289204,
          "min": 0.0002206410518805768,
          "max": 0.9999870244113073,
          "var": 0.15516056985355953,
          "std": 0.39390426483291535,
          "spread": 0.9699834842762858,
          "saturated": false
        },
        "G_genre": {
          "mean": 0.968812882900238,
          "p01": 0.5159276723861694,
          "p10": 0.9065195322036743,
          "p50": 1.0,
          "p90": 1.0,
          "p99": 1.0000001192092896,
          "min": 0.022032875567674637,
          "max": 1.000000238418579,
          "var": 0.008658090606331825,
          "std": 0.09304886311292648,
          "spread": 0.09348046779632568,
          "saturated": false
        }
      },
      "correlations": {
        "corr_S_sonic__G_genre": 0.039996991685630603,
        "corr_S_sonic__T_raw": 0.7816219428057538,
        "corr_S_sonic__T_centered_rescaled": 0.07241948281356986,
        "corr_T_centered_rescaled__G_genre": 0.045986749154995565
      }
    }
  }
}