{
  "artifact": "experiments/genre_similarity_lab/artifacts/data_matrices_step1.npz",
  "n_pairs": 20000,
  "seed": 1,
  "stats": {
    "per_dim_mean": [
      -178.83421980292567,
      113.2847650576668,
      -0.7808919328336557,
      24.983901001011084,
      4.704611643189326,
      6.9936296029380145,
      -1.2983649668335113,
      2.440883289685938,
      -3.2476307614352535,
      1.250703031561223,
      -3.576635185644332,
      0.26585388318938663,
      -3.9677883643687863,
      0.37082234754257565,
      0.35756199217720597,
      0.3835340629542539,
      0.36206296080359696,
      0.3880103397071876,
      0.3623355784778531,
      0.36544513090935654,
      0.38683595349990846,
      0.3718966408263137,
      0.3928964485709032,
      0.359811772024667,
      0.3764612037803101,
      120.02427991980292,
      1809.6245697783372
    ],
    "per_dim_std": [
      106.15605807966884,
      33.10120935427574,
      24.147163082559764,
      13.49093224463008,
      9.499891371630582,
      8.081825640830816,
      6.629278505669544,
      6.916447595089498,
      5.671339785793336,
      5.5814975556886095,
      4.833792940737637,
      4.773668080662193,
      4.196055919697326,
      0.11646023490067546,
      0.11028987471125562,
      0.12030419580260814,
      0.11298789983723465,
      0.12319043390335115,
      0.11357940138210035,
      0.11193628727132511,
      0.11921998921351352,
      0.11352692078665229,
      0.12304877067455794,
      0.11158850424314858,
      0.11627989873911762,
      22.627848666952655,
      614.2081099751856
    ],
    "per_dim_contrib_raw": [
      0.016168505600431128,
      0.005867890545885563,
      0.0001583936364314727,
      0.0002291187224307019,
      3.061799406644197e-05,
      2.9009092042812784e-05,
      1.1197801232317862e-05,
      1.3327730230680182e-05,
      1.0762370255173756e-05,
      8.16210534797749e-06,
      9.198614215176572e-06,
      5.936301083654735e-06,
      8.783578480813089e-06,
      4.877792184564548e-08,
      4.458432303476177e-08,
      5.1883037823167513e-08,
      4.60136770162012e-08,
      5.308201784515975e-08,
      4.6309625806842344e-08,
      4.659326146561252e-08,
      5.2614279185596185e-08,
      4.8397463249775615e-08,
      5.433844782764398e-08,
      4.5514325884789336e-08,
      4.9859393290514255e-08,
      0.005352174325318864,
      0.9511016676457413
    ],
    "dominant_dim": {
      "index": 26,
      "mean": 1809.6245697783345,
      "std": 614.2081099751857,
      "contrib_raw": 0.9511016676457413,
      "top_tracks": [
        {
          "track_id": "b5f53b68c4ee9f4818ec5f5a09f4d1c5",
          "value": 4544.453098629165,
          "artist": "Autechre",
          "title": "Leterel",
          "artist_db": "Autechre",
          "album_db": "Tri Repetae",
          "title_db": "Leterel"
        },
        {
          "track_id": "7dc2d31987919671ce404382ea583bfc",
          "value": 4520.46176270581,
          "artist": "Angela Alexander & J. D. Saddler",
          "title": "Spoilin' for a Fight",
          "artist_db": "Angela Alexander & J. D. Saddler",
          "album_db": "Boddie Recording Company: Cleveland, Ohio (Disc 1: Soul Kitchen)",
          "title_db": "Spoilin' for a Fight"
        },
        {
          "track_id": "0c32272473119dfb75d6baa6bc2f0108",
          "value": 4466.823080649537,
          "artist": "The Jesus and Mary Chain",
          "title": "Taste the Floor",
          "artist_db": "The Jesus and Mary Chain",
          "album_db": "Psychocandy",
          "title_db": "Taste the Floor"
        },
        {
          "track_id": "ea986009b1a171994e3130c626fd9b24",
          "value": 4461.966258656062,
          "artist": "Neon Indian",
          "title": "Psychic Chasms",
          "artist_db": "Neon Indian",
          "album_db": "Psychic Chasms / Mind Ctrl: Psychic Chasms Possessed",
          "title_db": "Psychic Chasms"
        },
        {
          "track_id": "3feff8a19d7855558546558fb2bfab53",
          "value": 4451.836665586886,
          "artist": "Guided by Voices",
          "title": "Some Drilling Implied",
          "artist_db": "Guided by Voices",
          "album_db": "Propeller",
          "title_db": "Some Drilling Implied"
        }
      ]
    }
  }
}