{
  "baseline": {
    "stats": {
      "mean": 0.9991963989252785,
      "p01": 0.9966959896372091,
      "p10": 0.9981524440774455,
      "p50": 0.9994047219171968,
      "p90": 0.9998767356319512,
      "p99": 0.9999553505168239,
      "min": 0.9946204236578506,
      "max": 0.9999889042336386,
      "var": 5.463918462974115e-07,
      "std": 0.0007391832291775913,
      "spread": 0.001724291554505708,
      "saturated": true
    },
    "pair_count": 20000
  },
  "blocks": {
    "dim_00": {
      "range": [
        0,
        0
      ],
      "stats": {
        "mean": 0.9995810097150134,
        "p01": 0.998079780760139,
        "p10": 0.9989942865773823,
        "p50": 0.9997357953308647,
        "p90": 0.999932186777448,
        "p99": 0.9999770968627375,
        "min": 0.9971219331572682,
        "max": 0.9999908596453259,
        "var": 1.694774984798857e-07,
        "std": 0.0004116764487797252,
        "spread": 0.0009379002000656778,
        "saturated": true
      },
      "corr_with_baseline": 0.7701197079505946,
      "delta_p50_vs_baseline": 0.0003310734136678928,
      "delta_spread_vs_baseline": -0.0007863913544400303
    },
    "dim_01": {
      "range": [
        1,
        1
      ],
      "stats": {
        "mean": 0.99930864420494,
        "p01": 0.9970228764796948,
        "p10": 0.9984000859094514,
        "p50": 0.9994989064710654,
        "p90": 0.9999032724377518,
        "p99": 0.9999672340879736,
        "min": 0.9959041614805085,
        "max": 0.9999945016147043,
        "var": 4.1655822954684717e-07,
        "std": 0.0006454132238704497,
        "spread": 0.0015031865283003931,
        "saturated": true
      },
      "corr_with_baseline": 0.980763822676919,
      "delta_p50_vs_baseline": 9.41845538686703e-05,
      "delta_spread_vs_baseline": -0.00022110502620531491
    },
    "dim_02": {
      "range": [
        2,
        2
      ],
      "stats": {
        "mean": 0.9992511165391237,
        "p01": 0.9968114433610844,
        "p10": 0.9982287214097577,
        "p50": 0.9994633796884875,
        "p90": 0.9998981354080928,
        "p99": 0.9999629034970144,
        "min": 0.994662532286982,
        "max": 0.9999892956047716,
        "var": 5.282948959241404e-07,
        "std": 0.0007268389752373908,
        "spread": 0.0016694139983350897,
        "saturated": true
      },
      "corr_with_baseline": 0.9945536079196943,
      "delta_p50_vs_baseline": 5.865777129077099e-05,
      "delta_spread_vs_baseline": -5.487755617061829e-05
    },
    "dim_03": {
      "range": [
        3,
        3
      ],
      "stats": {
        "mean": 0.9992103728551595,
        "p01": 0.9967245830827408,
        "p10": 0.998178639753412,
        "p50": 0.9994179918829078,
        "p90": 0.9998879429877473,
        "p99": 0.9999644229414794,
        "min": 0.9947237615660061,
        "max": 0.9999896696482612,
        "var": 5.379619407183227e-07,
        "std": 0.0007334588882264109,
        "spread": 0.0017093032343352688,
        "saturated": true
      },
      "corr_with_baseline": 0.9996823436393344,
      "delta_p50_vs_baseline": 1.3269965711049103e-05,
      "delta_spread_vs_baseline": -1.4988320170439273e-05
    },
    "dim_04": {
      "range": [
        4,
        4
      ],
      "stats": {
        "mean": 0.9992017432048942,
        "p01": 0.9967005686066112,
        "p10": 0.9981557322314645,
        "p50": 0.999410457517818,
        "p90": 0.9998778288384765,
        "p99": 0.999957590701937,
        "min": 0.9946235374304923,
        "max": 0.9999898477995448,
        "var": 5.439241373400055e-07,
        "std": 0.0007375121269104702,
        "spread": 0.001722096607012058,
        "saturated": true
      },
      "corr_with_baseline": 0.9999187250011027,
      "delta_p50_vs_baseline": 5.7356006212261335e-06,
      "delta_spread_vs_baseline": -2.1949474936500124e-06
    },
    "dim_05": {
      "range": [
        5,
        5
      ],
      "stats": {
        "mean": 0.9992022001047506,
        "p01": 0.9966967650663846,
        "p10": 0.9981553888521808,
        "p50": 0.9994126043417657,
        "p90": 0.9998801104132788,
        "p99": 0.9999553621240331,
        "min": 0.9946224601397358,
        "max": 0.999988910596213,
        "var": 5.439457307578979e-07,
        "std": 0.0007375267661298117,
        "spread": 0.0017247215610980415,
        "saturated": true
      },
      "corr_with_baseline": 0.9999178062883624,
      "delta_p50_vs_baseline": 7.882424568950164e-06,
      "delta_spread_vs_baseline": 4.3000659233349836e-07
    },
    "dim_06": {
      "range": [
        6,
        6
      ],
      "stats": {
        "mean": 0.9992009959107491,
        "p01": 0.9967108220147983,
        "p10": 0.9981567983217389,
        "p50": 0.9994081162405423,
        "p90": 0.9998779734307986,
        "p99": 0.9999555527978823,
        "min": 0.9946317867237217,
        "max": 0.9999890504264306,
        "var": 5.435157859015644e-07,
        "std": 0.0007372352310501476,
        "spread": 0.0017211751090597804,
        "saturated": true
      },
      "corr_with_baseline": 0.9999554072272642,
      "delta_p50_vs_baseline": 3.3943233455069333e-06,
      "delta_spread_vs_baseline": -3.116445445927596e-06
    },
    "dim_07": {
      "range": [
        7,
        7
      ],
      "stats": {
        "mean": 0.9992014444052982,
        "p01": 0.9966992267555418,
        "p10": 0.9981672604210433,
        "p50": 0.9994115644702167,
        "p90": 0.9998846564259338,
        "p99": 0.9999615843922032,
        "min": 0.9946236432388895,
        "max": 0.9999889541292497,
        "var": 5.442259521058105e-07,
        "std": 0.0007377167153493342,
        "spread": 0.0017173960048905146,
        "saturated": true
      },
      "corr_with_baseline": 0.999959582376205,
      "delta_p50_vs_baseline": 6.842553019970055e-06,
      "delta_spread_vs_baseline": -6.8955496151934526e-06
    },
    "dim_08": {
      "range": [
        8,
        8
      ],
      "stats": {
        "mean": 0.9991995483164899,
        "p01": 0.9966960640392833,
        "p10": 0.9981572308557052,
        "p50": 0.9994065479107122,
        "p90": 0.9998774995508201,
        "p99": 0.9999562302794484,
        "min": 0.9946205756731732,
        "max": 0.9999889042350676,
        "var": 5.449673304742941e-07,
        "std": 0.0007382190260852764,
        "spread": 0.0017202686951148793,
        "saturated": true
      },
      "corr_with_baseline": 0.9999766847492851,
      "delta_p50_vs_baseline": 1.8259935153919216e-06,
      "delta_spread_vs_baseline": -4.0228593908286925e-06
    },
    "dim_09": {
      "range": [
        9,
        9
      ],
      "stats": {
        "mean": 0.999199317746827,
        "p01": 0.9966966369116396,
        "p10": 0.9981551267069617,
        "p50": 0.9994059241877016,
        "p90": 0.9998796781233948,
        "p99": 0.9999556911601619,
        "min": 0.9946215486348661,
        "max": 0.9999889202205631,
        "var": 5.454579259684567e-07,
        "std": 0.0007385512344911873,
        "spread": 0.0017245514164331288,
        "saturated": true
      },
      "corr_with_baseline": 0.9999839303095972,
      "delta_p50_vs_baseline": 1.2022705048186921e-06,
      "delta_spread_vs_baseline": 2.598619274207792e-07
    },
    "dim_10": {
      "range": [
        10,
        10
      ],
      "stats": {
        "mean": 0.9991999509175697,
        "p01": 0.9967043628106541,
        "p10": 0.9981641140085772,
        "p50": 0.999406558199583,
        "p90": 0.9998792330705719,
        "p99": 0.9999553527298459,
        "min": 0.9946278758527713,
        "max": 0.9999889062259267,
        "var": 5.448536660651004e-07,
        "std": 0.0007381420365113347,
        "spread": 0.0017151190619947299,
        "saturated": true
      },
      "corr_with_baseline": 0.9999792530100833,
      "delta_p50_vs_baseline": 1.8362823862583255e-06,
      "delta_spread_vs_baseline": -9.17249251097818e-06
    },