{
  "artifact": "experiments\\genre_similarity_lab\\artifacts\\data_matrices_step1.npz",
  "n_tracks": 34100,
  "uses": {
    "S_sonic_matrix": "X_sonic (aggregate)",
    "transitions_start": "X_sonic_start",
    "transitions_end": "X_sonic_end",
    "center_transitions": true
  },
  "modes": {
    "random": {
      "count": 50000,
      "metrics": {
        "S_sonic": {
          "mean": 0.9786896025989278,
          "p01": 0.7778263701157375,
          "p10": 0.941178834713421,
          "p50": 0.995011436995832,
          "p90": 0.9993845862025252,
          "p99": 0.9998326812865691,
          "min": 0.024523719500510705,
          "max": 0.9999739005554569,
          "var": 0.002026921997380037,
          "std": 0.04502135046153144,
          "spread": 0.05820575148910423,
          "saturated": false
        },
        "S_hybrid": {
          "mean": 0.01971620117489422,
          "p01": -0.48051766315844047,
          "p10": -0.27839952734688894,
          "p50": -0.035373997268129426,
          "p90": 0.41470864793479356,
          "p99": 0.7825971258277518,
          "min": -0.7539438091086793,
          "max": 0.9951409190774769,
          "var": 0.07383815216057414,
          "std": 0.27173176509303093,
          "spread": 0.6931081752816826,
          "saturated": false
        },
        "T_raw": {
          "mean": 0.9767635563545258,
          "p01": 0.7581290380463908,
          "p10": 0.9369263827661852,
          "p50": 0.994129182694599,
          "p90": 0.9992637217429526,
          "p99": 0.999805176606595,
          "min": 0.025536778777886605,
          "max": 0.9999686004831009,
          "var": 0.002396746758394936,
          "std": 0.04895658033803971,
          "spread": 0.06233733897676741,
          "saturated": false
        },
        "T_centered_cos": {
          "mean": 0.0020338595163585456,
          "p01": -0.9977784872187334,
          "p10": -0.987860117225246,
          "p50": 0.004062406328529229,
          "p90": 0.9873342802743518,
          "p99": 0.9979589771801559,
          "min": -0.9997129828568275,
          "max": 0.9998154543180281,
          "var": 0.7472922971266546,
          "std": 0.8644606972712262,
          "spread": 1.9751943974995978,
          "saturated": false
        },
        "T_centered_rescaled": {
          "mean": 0.5010169297581794,
          "p01": 0.001110756390633289,
          "p10": 0.006069941387376998,
          "p50": 0.5020312031642646,
          "p90": 0.9936671401371758,
          "p99": 0.998979488590078,
          "min": 0.0001435085715862372,
          "max": 0.999907727159014,
          "var": 0.18682307428166361,
          "std": 0.43223034863561305,
          "spread": 0.9875971987497988,
          "saturated": false
        },
        "G_genre": {
          "mean": 0.376086950302124,
          "p01": 0.023472687229514122,
          "p10": 0.08447545766830444,
          "p50": 0.32908445596694946,
          "p90": 0.7367809414863586,
          "p99": 0.9382243156433105,
          "min": 0.0,
          "max": 1.000000238418579,
          "var": 0.06023940071463585,
          "std": 0.2454371601343155,
          "spread": 0.6523054838180542,
          "saturated": false
        }
      },
      "correlations": {
        "corr_S_sonic__G_genre": 0.07839133019128795,
        "corr_S_sonic__T_raw": 0.8869181418536785,
        "corr_S_sonic__T_centered_rescaled": 0.1749792245227526,
        "corr_T_centered_rescaled__G_genre": 0.04918850181979728
      }
    },
    "same_artist": {
      "count": 50000,
      "metrics": {
        "S_sonic": {
          "mean": 0.9916709018793566,
          "p01": 0.9012900349350734,
          "p10": 0.9804274220324249,
          "p50": 0.998181659713633,
          "p90": 0.9997735200822275,
          "p99": 0.9999431936463863,
          "min": 0.08133909620100375,
          "max": 0.9999999999995487,
          "var": 0.0006026904921498357,
          "std": 0.024549755439715396,
          "spread": 0.019346098049802585,
          "saturated": false
        },
        "S_hybrid": {
          "mean": 0.8048888723317547,
          "p01": 0.08169356450630637,
          "p10": 0.561504494144734,
          "p50": 0.8652616988819104,
          "p90": 0.9730875520723924,
          "p99": 0.9954988137503255,
          "min": -0.5342613341007136,
          "max": 0.9999997929554157,
          "var": 0.03646069578095548,
          "std": 0.19094684019631086,
          "spread": 0.41158305792765837,
          "saturated": false
        },
        "T_raw": {
          "mean": 0.9883545671351955,
          "p01": 0.8536002918661955,
          "p10": 0.9726319312104253,
          "p50": 0.9973947584591019,
          "p90": 0.999671218214762,
          "p99": 0.999921570974518,
          "min": 0.037372446825781745,
          "max": 0.9999950529767909,
          "var": 0.0010163384572448337,
          "std": 0.031880063633011047,
          "spread": 0.027039287004336665,
          "saturated": false
        },
        "T_centered_cos": {
          "mean": 0.3813381744412715,
          "p01": -0.9939505529783349,
          "p10": -0.9430171704759793,
          "p50": 0.913225408210498,
          "p90": 0.9965517529654142,
          "p99": 0.9994206992727038,
          "min": -0.9995771012364152,
          "max": 0.9999677302285865,
          "var": 0.6211916727567287,
          "std": 0.7881571370968664,
          "spread": 1.9395689234413935,
          "saturated": false
        },
        "T_centered_rescaled": {
          "mean": 0.6906690872206357,
          "p01": 0.0030247235108325555,
          "p10": 0.02849141476201032,
          "p50": 0.956612704105249,
          "p90": 0.9982758764827071,
          "p99": 0.999710349636352,
          "min": 0.0002114493817924057,
          "max": 0.9999838651142933,
          "var": 0.15529791818918218,
          "std": 0.3940785685484332,
          "spread": 0.9697844617206968,
          "saturated": false
        },
        "G_genre": {
          "mean": 0.969089925289154,
          "p01": 0.5178914070129395,
          "p10": 0.9067507386207581,
          "p50": 1.0,
          "p90": 1.0,
          "p99": 1.0000001192092896,
          "min": 0.024624105542898178,
          "max": 1.000000238418579,
          "var": 0.00861993245780468,
          "std": 0.09284359216690063,
          "spread": 0.09324926137924194,
          "saturated": false
        }
      },
      "correlations": {
        "corr_S_sonic__G_genre": 0.036333384655052134,
        "corr_S_sonic__T_raw": 0.7668044537051406,
        "corr_S_sonic__T_centered_rescaled": 0.07644086611358648,
        "corr_T_centered_rescaled__G_genre": 0.05207458452190183
      }
    }
  }
}