{
  "artifact": "C:\\Users\\Dylan\\AppData\\Local\\Temp\\pytest-of-Dylan\\pytest-36\\test_script_runs_and_writes_js0\\artifact.npz",
  "timestamp_utc": "20251215_023002",
  "mode": "random",
  "pair_count": 20,
  "metrics": {
    "S_sonic_raw": {
      "mean": 0.4596194077703899,
      "p01": 0.0,
      "p10": 0.0,
      "p50": 0.7071067811852152,
      "p90": 0.7071067811852152,
      "p99": 0.7071067811852152,
      "min": 0.0,
      "max": 0.7071067811852152,
      "var": 0.11374999999957136,
      "std": 0.33726843908016557,
      "spread": 0.7071067811852152,
      "saturated": false
    },
    "S_sonic_centered": {
      "mean": -0.4505524109152191,
      "p01": -0.9230769230743628,
      "p10": -0.9230769230743628,
      "p50": -0.1961161351372186,
      "p90": -0.1961161351372186,
      "p99": -0.1961161351372186,
      "min": -0.9230769230743628,
      "max": -0.1961161351372186,
      "var": 0.12022737708758906,
      "std": 0.3467381967530965,
      "spread": 0.7269607879371442,
      "saturated": false
    },
    "S_sonic_z": {
      "mean": -0.4505524109160845,
      "p01": -0.923076923075817,
      "p10": -0.923076923075817,
      "p50": -0.19611613513776693,
      "p90": -0.19611613513776693,
      "p99": -0.19611613513776693,
      "min": -0.923076923075817,
      "max": -0.19611613513776693,
      "var": 0.12022737708788866,
      "std": 0.3467381967535285,
      "spread": 0.7269607879380501,
      "saturated": false
    },
    "S_sonic_pca": {
      "mean": -0.45055241091608444,
      "p01": -0.9230769230758167,
      "p10": -0.9230769230758167,
      "p50": -0.1961161351377672,
      "p90": -0.19611613513776674,
      "p99": -0.19611613513776674,
      "min": -0.9230769230758167,
      "max": -0.19611613513776674,
      "var": 0.12022737708788855,
      "std": 0.34673819675352835,
      "spread": 0.72696078793805,
      "saturated": false
    },
    "T_raw": {
      "mean": 0.4596194077703899,
      "p01": 0.0,
      "p10": 0.0,
      "p50": 0.7071067811852152,
      "p90": 0.7071067811852152,
      "p99": 0.7071067811852152,
      "min": 0.0,
      "max": 0.7071067811852152,
      "var": 0.11374999999957136,
      "std": 0.33726843908016557,
      "spread": 0.7071067811852152,
      "saturated": false
    },
    "T_centered": {
      "mean": -0.4505524109152191,
      "p01": -0.9230769230743628,
      "p10": -0.9230769230743628,
      "p50": -0.1961161351372186,
      "p90": -0.1961161351372186,
      "p99": -0.1961161351372186,
      "min": -0.9230769230743628,
      "max": -0.1961161351372186,
      "var": 0.12022737708758906,
      "std": 0.3467381967530965,
      "spread": 0.7269607879371442,
      "saturated": false
    },
    "T_centered_rescaled": {
      "mean": 0.27472379454239043,
      "p01": 0.03846153846281858,
      "p10": 0.03846153846281858,
      "p50": 0.4019419324313907,
      "p90": 0.4019419324313907,
      "p99": 0.4019419324313907,
      "min": 0.03846153846281858,
      "max": 0.4019419324313907,
      "var": 0.03005684427189726,
      "std": 0.17336909837654824,
      "spread": 0.3634803939685721,
      "saturated": false
    },
    "G_genre": {
      "mean": 0.0,
      "p01": 0.0,
      "p10": 0.0,
      "p50": 0.0,
      "p90": 0.0,
      "p99": 0.0,
      "min": 0.0,
      "max": 0.0,
      "var": 0.0,
      "std": 0.0,
      "spread": 0.0,
      "saturated": true
    }
  },
  "correlations": {
    "corr(S_sonic_raw,S_sonic_centered)": 1.0,
    "corr(S_sonic_raw,S_sonic_z)": 1.0,
    "corr(S_sonic_raw,S_sonic_pca)": 1.0,
    "corr(S_sonic_raw,T_raw)": 1.0,
    "corr(S_sonic_raw,T_centered)": 1.0,
    "corr(S_sonic_raw,T_centered_rescaled)": 0.9999999999999999,
    "corr(S_sonic_raw,G_genre)": null,
    "corr(S_sonic_centered,S_sonic_z)": 1.0,
    "corr(S_sonic_centered,S_sonic_pca)": 0.9999999999999996,
    "corr(S_sonic_centered,T_raw)": 1.0,
    "corr(S_sonic_centered,T_centered)": 1.0,
    "corr(S_sonic_centered,T_centered_rescaled)": 1.0,
    "corr(S_sonic_centered,G_genre)": null,
    "corr(S_sonic_z,S_sonic_pca)": 1.0,
    "corr(S_sonic_z,T_raw)": 1.0,
    "corr(S_sonic_z,T_centered)": 1.0,
    "corr(S_sonic_z,T_centered_rescaled)": 0.9999999999999999,
    "corr(S_sonic_z,G_genre)": null,
    "corr(S_sonic_pca,T_raw)": 1.0,
    "corr(S_sonic_pca,T_centered)": 0.9999999999999996,
    "corr(S_sonic_pca,T_centered_rescaled)": 0.9999999999999996,
    "corr(S_sonic_pca,G_genre)": null,
    "corr(T_raw,T_centered)": 1.0,
    "corr(T_raw,T_centered_rescaled)": 0.9999999999999999,
    "corr(T_raw,G_genre)": null,
    "corr(T_centered,T_centered_rescaled)": 1.0,
    "corr(T_centered,G_genre)": null,
    "corr(T_centered_rescaled,G_genre)": null
  },
  "notes": []
}