{
  "artifact": "C:\\Users\\Dylan\\AppData\\Local\\Temp\\pytest-of-Dylan\\pytest-55\\test_cross_groups_mode_writes_0\\artifact.npz",
  "timestamp_utc": "20251215_192108",
  "mode": "cross_groups",
  "pair_count": {
    "within_a": 2,
    "within_b": 2,
    "across": 4,
    "baseline": 10
  },
  "modes": {
    "within_a": {
      "metrics": {
        "S_sonic_raw": {
          "mean": 0.0,
          "p01": 0.0,
          "p10": 0.0,
          "p50": 0.0,
          "p90": 0.0,
          "p99": 0.0,
          "min": 0.0,
          "max": 0.0,
          "var": 0.0,
          "std": 0.0,
          "spread": 0.0,
          "saturated": true
        },
        "S_sonic_centered": {
          "mean": -0.9999999999971715,
          "p01": -0.9999999999971715,
          "p10": -0.9999999999971715,
          "p50": -0.9999999999971715,
          "p90": -0.9999999999971715,
          "p99": -0.9999999999971715,
          "min": -0.9999999999971715,
          "max": -0.9999999999971715,
          "var": 0.0,
          "std": 0.0,
          "spread": 0.0,
          "saturated": true
        },
        "S_sonic_z": {
          "mean": -0.9999999999988336,
          "p01": -0.9999999999988336,
          "p10": -0.9999999999988336,
          "p50": -0.9999999999988336,
          "p90": -0.9999999999988336,
          "p99": -0.9999999999988336,
          "min": -0.9999999999988336,
          "max": -0.9999999999988336,
          "var": 0.0,
          "std": 0.0,
          "spread": 0.0,
          "saturated": true
        },
        "T_raw": {
          "mean": 0.0,
          "p01": 0.0,
          "p10": 0.0,
          "p50": 0.0,
          "p90": 0.0,
          "p99": 0.0,
          "min": 0.0,
          "max": 0.0,
          "var": 0.0,
          "std": 0.0,
          "spread": 0.0,
          "saturated": true
        },
        "T_centered": {
          "mean": -0.9999999999971715,
          "p01": -0.9999999999971715,
          "p10": -0.9999999999971715,
          "p50": -0.9999999999971715,
          "p90": -0.9999999999971715,
          "p99": -0.9999999999971715,
          "min": -0.9999999999971715,
          "max": -0.9999999999971715,
          "var": 0.0,
          "std": 0.0,
          "spread": 0.0,
          "saturated": true
        },
        "T_centered_rescaled": {
          "mean": 1.4142575999187557e-12,
          "p01": 1.4142575999187557e-12,
          "p10": 1.4142575999187557e-12,
          "p50": 1.4142575999187557e-12,
          "p90": 1.4142575999187557e-12,
          "p99": 1.4142575999187557e-12,
          "min": 1.4142575999187557e-12,
          "max": 1.4142575999187557e-12,
          "var": 0.0,
          "std": 0.0,
          "spread": 0.0,
          "saturated": true
        },
        "G_genre": {
          "mean": 0.0,
          "p01": 0.0,
          "p10": 0.0,
          "p50": 0.0,
          "p90": 0.0,
          "p99": 0.0,
          "min": 0.0,
          "max": 0.0,
          "var": 0.0,
          "std": 0.0,
          "spread": 0.0,
          "saturated": true
        }
      },
      "correlations": {
        "corr(S_sonic_raw,S_sonic_centered)": null,
        "corr(S_sonic_raw,S_sonic_z)": null,
        "corr(S_sonic_raw,T_raw)": null,
        "corr(S_sonic_raw,T_centered)": null,
        "corr(S_sonic_raw,T_centered_rescaled)": null,
        "corr(S_sonic_raw,G_genre)": null,
        "corr(S_sonic_centered,S_sonic_z)": null,
        "corr(S_sonic_centered,T_raw)": null,
        "corr(S_sonic_centered,T_centered)": null,
        "corr(S_sonic_centered,T_centered_rescaled)": null,
        "corr(S_sonic_centered,G_genre)": null,
        "corr(S_sonic_z,T_raw)": null,
        "corr(S_sonic_z,T_centered)": null,
        "corr(S_sonic_z,T_centered_rescaled)": null,
        "corr(S_sonic_z,G_genre)": null,
        "corr(T_raw,T_centered)": null,
        "corr(T_raw,T_centered_rescaled)": null,
        "corr(T_raw,G_genre)": null,
        "corr(T_centered,T_centered_rescaled)": null,
        "corr(T_centered,G_genre)": null,
        "corr(T_centered_rescaled,G_genre)": null
      },
      "baseline_percentile_p50": {
        "S_sonic_raw": 40.0,
        "S_sonic_centered": 40.0,
        "S_sonic_z": 40.0,
        "T_raw": 40.0,
        "T_centered": 40.0,
        "T_centered_rescaled": 40.0,
        "G_genre": 80.0
      },
      "pair_count": 2
    },
    "within_b": {
      "metrics": {
        "S_sonic_raw": {
          "mean": 0.9999999999955803,
          "p01": 0.9999999999955803,
          "p10": 0.9999999999955803,
          "p50": 0.9999999999955803,
          "p90": 0.9999999999955803,
          "p99": 0.9999999999955803,
          "min": 0.9999999999955803,
          "max": 0.9999999999955803,
          "var": 0.0,
          "std": 0.0,
          "spread": 0.0,
          "saturated": true
        },
        "S_sonic_centered": {
          "mean": -0.9999999999952861,
          "p01": -0.9999999999952861,
          "p10": -0.9999999999952861,
          "p50": -0.9999999999952861,
          "p90": -0.9999999999952861,
          "p99": -0.9999999999952861,
          "min": -0.9999999999952861,
          "max": -0.9999999999952861,
          "var": 0.0,
          "std": 0.0,
          "spread": 0.0,
          "saturated": true
        },
        "S_sonic_z": {
          "mean": -0.9999999999980562,
          "p01": -0.9999999999980562,
          "p10": -0.9999999999980562,
          "p50": -0.9999999999980562,
          "p90": -0.9999999999980562,
          "p99": -0.9999999999980562,
          "min": -0.9999999999980562,
          "max": -0.9999999999980562,
          "var": 0.0,
          "std": 0.0,
          "spread": 0.0,
          "saturated": true
        },
        "T_raw": {
          "mean": 0.9999999999955803,
          "p01": 0.9999999999955803,
          "p10": 0.9999999999955803,
          "p50": 0.9999999999955803,
          "p90": 0.9999999999955803,
          "p99": 0.9999999999955803,
          "min": 0.9999999999955803,
          "max": 0.9999999999955803,
          "var": 0.0,
          "std": 0.0,
          "spread": 0.0,
          "saturated": true
        },
        "T_centered": {
          "mean": -0.9999999999952861,
          "p01": -0.9999999999952861,
          "p10": -0.9999999999952861,
          "p50": -0.9999999999952861,
          "p90": -0.9999999999952861,
          "p99": -0.9999999999952861,
          "min": -0.9999999999952861,
          "max": -0.9999999999952861,
          "var": 0.0,
          "std": 0.0,
          "spread": 0.0,
          "saturated": true
        },
        "T_centered_rescaled": {
          "mean": 2.356947970127976e-12,
          "p01": 2.356947970127976e-12,
          "p10": 2.356947970127976e-12,
          "p50": 2.356947970127976e-12,
          "p90": 2.356947970127976e-12,
          "p99": 2.356947970127976e-12,
          "min": 2.356947970127976e-12,
          "max": 2.356947970127976e-12,
          "var": 0.0,
          "std": 0.0,
          "spread": 0.0,
          "saturated": true
        },
        "G_genre": {
          "mean": 0.9999999999979998,
          "p01": 0.9999999999979998,
          "p10": 0.9999999999979998,
          "p50": 0.9999999999979998,
          "p90": 0.9999999999979998,
          "p99": 0.9999999999979998,
          "min": 0.9999999999979998,
          "max": 0.9999999999979998,
          "var": 0.0,
          "std": 0.0,
          "spread": 0.0,
          "saturated": true
        }
      },
      "correlations": {
        "corr(S_sonic_raw,S_sonic_centered)": null,
        "corr(S_sonic_raw,S_sonic_z)": null,
        "corr(S_sonic_raw,T_raw)": null,
        "corr(S_sonic_raw,T_centered)": null,
        "corr(S_sonic_raw,T_centered_rescaled)": null,
        "corr(S_sonic_raw,G_genre)": null,
        "corr(S_sonic_centered,S_sonic_z)": null,
        "corr(S_sonic_centered,T_raw)": null,
        "corr(S_sonic_centered,T_centered)": null,
        "corr(S_sonic_centered,T_centered_rescaled)": null,