{
  "artifact": "experiments\\genre_similarity_lab\\artifacts\\data_matrices_step1.npz",
  "timestamp_utc": "20251215_035747",
  "mode": "same_artist (Aaliyah)",
  "pair_count": 20000,
  "metrics": {
    "S_sonic_raw": {
      "mean": 0.9991963989252785,
      "p01": 0.9966959896372091,
      "p10": 0.9981524440774455,
      "p50": 0.9994047219171968,
      "p90": 0.9998767356319512,
      "p99": 0.9999553505168239,
      "min": 0.9946204236578506,
      "max": 0.9999889042336386,
      "var": 5.463918462974115e-07,
      "std": 0.0007391832291775913,
      "spread": 0.001724291554505708,
      "saturated": true
    },
    "S_sonic_centered": {
      "mean": 0.9253600197442032,
      "p01": -0.3749393823865158,
      "p10": 0.9428482493867019,
      "p50": 0.9939446897877123,
      "p90": 0.9989342990353406,
      "p99": 0.9996387836555596,
      "min": -0.422462969002301,
      "max": 0.9998597650864245,
      "var": 0.07889018203127553,
      "std": 0.2808739611129439,
      "spread": 0.056086049648638725,
      "saturated": false
    },
    "S_sonic_z": {
      "mean": 0.29547418378063345,
      "p01": -0.32275830748101225,
      "p10": -0.07191204360856528,
      "p50": 0.3070080346417306,
      "p90": 0.6391892046950093,
      "p99": 0.7758588399733432,
      "min": -0.6436055278528243,
      "max": 0.9137320177471615,
      "var": 0.07095094109423145,
      "std": 0.2663661785854793,
      "spread": 0.7111012483035746,
      "saturated": false
    },
    "S_sonic_pca": {
      "mean": 0.2954741837806378,
      "p01": -0.3227583074810162,
      "p10": -0.07191204360856329,
      "p50": 0.30700803464175574,
      "p90": 0.6391892046950142,
      "p99": 0.7758588399733419,
      "min": -0.6436055278528209,
      "max": 0.913732017747163,
      "var": 0.07095094109423167,
      "std": 0.26636617858547973,
      "spread": 0.7111012483035775,
      "saturated": false
    },
    "T_raw": {
      "mean": 0.9980449538505929,
      "p01": 0.9856424226552134,
      "p10": 0.9953846565584797,
      "p50": 0.9989595443763521,
      "p90": 0.999741576388962,
      "p99": 0.9999174829491249,
      "min": 0.9790803039686398,
      "max": 0.9999807902262482,
      "var": 6.6712913092309856e-06,
      "std": 0.0025828843003957774,
      "spread": 0.004356919830482253,
      "saturated": true
    },
    "T_centered": {
      "mean": 0.7538642270405306,
      "p01": -0.9942987908877784,
      "p10": -0.4429918341307879,
      "p50": 0.9877685528104213,
      "p90": 0.9982967812461065,
      "p99": 0.9995218106176346,
      "min": -0.9978655830393315,
      "max": 0.9998014327231102,
      "var": 0.3394383468100952,
      "std": 0.582613376786094,
      "spread": 1.4412886153768945,
      "saturated": false
    },
    "T_centered_rescaled": {
      "mean": 0.8769321135202652,
      "p01": 0.002850604556110803,
      "p10": 0.27850408293460605,
      "p50": 0.9938842764052107,
      "p90": 0.9991483906230533,
      "p99": 0.9997609053088172,
      "min": 0.0010672084803342585,
      "max": 0.9999007163615551,
      "var": 0.0848595867025238,
      "std": 0.291306688393047,
      "spread": 0.7206443076884472,
      "saturated": false
    },
    "G_genre": {
      "mean": 0.9846786856651306,
      "p01": 0.9734745025634766,
      "p10": 0.9734745025634766,
      "p50": 0.9803158044815063,
      "p90": 0.9999999403953552,
      "p99": 1.000000238418579,
      "min": 0.9734745025634766,
      "max": 1.000000238418579,
      "var": 0.00011853483010781929,
      "std": 0.010887370444834232,
      "spread": 0.026525437831878662,
      "saturated": false
    }
  },
  "correlations": {
    "corr(S_sonic_raw,S_sonic_centered)": 0.4261728662948605,
    "corr(S_sonic_raw,S_sonic_z)": 0.3637962298939656,
    "corr(S_sonic_raw,S_sonic_pca)": 0.36379622989397187,
    "corr(S_sonic_raw,T_raw)": 0.47365359278622793,
    "corr(S_sonic_raw,T_centered)": 0.3783920460513243,
    "corr(S_sonic_raw,T_centered_rescaled)": 0.3783920460513243,
    "corr(S_sonic_raw,G_genre)": -0.00712564815519068,
    "corr(S_sonic_centered,S_sonic_z)": 0.21323176748766878,
    "corr(S_sonic_centered,S_sonic_pca)": 0.21323176748767642,
    "corr(S_sonic_centered,T_raw)": 0.13927716390736747,
    "corr(S_sonic_centered,T_centered)": 0.5414959404287555,
    "corr(S_sonic_centered,T_centered_rescaled)": 0.5414959404287556,
    "corr(S_sonic_centered,G_genre)": -0.021774692050486027,
    "corr(S_sonic_z,S_sonic_pca)": 0.9999999999999998,
    "corr(S_sonic_z,T_raw)": 0.20973579669790413,
    "corr(S_sonic_z,T_centered)": 0.29147718685773005,
    "corr(S_sonic_z,T_centered_rescaled)": 0.29147718685773005,
    "corr(S_sonic_z,G_genre)": -0.011983786297567496,
    "corr(S_sonic_pca,T_raw)": 0.2097357966979109,
    "corr(S_sonic_pca,T_centered)": 0.2914771868577371,
    "corr(S_sonic_pca,T_centered_rescaled)": 0.2914771868577371,
    "corr(S_sonic_pca,G_genre)": -0.011983786297568232,
    "corr(T_raw,T_centered)": 0.6010684660428727,
    "corr(T_raw,T_centered_rescaled)": 0.6010684660428727,
    "corr(T_raw,G_genre)": -0.014534327291113362,
    "corr(T_centered,T_centered_rescaled)": 1.0,
    "corr(T_centered,G_genre)": -0.01953523588131951,
    "corr(T_centered_rescaled,G_genre)": -0.01953523588131951
  },
  "notes": []
}