{
  "artifact": "experiments\\genre_similarity_lab\\artifacts\\data_matrices_step1.npz",
  "timestamp_utc": "20251215_023029",
  "mode": "same_artist (Radiohead)",
  "pair_count": 50000,
  "metrics": {
    "S_sonic_raw": {
      "mean": 0.9848993561769117,
      "p01": 0.7959358172750044,
      "p10": 0.9636541426070175,
      "p50": 0.9945935576750633,
      "p90": 0.9992250446733945,
      "p99": 0.9997991388117429,
      "min": 0.7133754516284606,
      "max": 0.9999569151473842,
      "var": 0.0009726644818433712,
      "std": 0.03118756934811322,
      "spread": 0.03557090206637692,
      "saturated": false
    },
    "S_sonic_centered": {
      "mean": 0.0745200998148055,
      "p01": -0.9976346242225258,
      "p10": -0.9867937545476088,
      "p50": 0.42611616209772707,
      "p90": 0.9925218039359637,
      "p99": 0.9982833737687937,
      "min": -0.9995180025588593,
      "max": 0.9998338606516032,
      "var": 0.77196071804978,
      "std": 0.8786129512190108,
      "spread": 1.9793155584835724,
      "saturated": false
    },
    "S_sonic_z": {
      "mean": 0.034849555250711386,
      "p01": -0.5536877967388323,
      "p10": -0.31079356991367285,
      "p50": 0.033500986950080684,
      "p90": 0.3805767533795009,
      "p99": 0.665131468030768,
      "min": -0.7489756190859507,
      "max": 0.9978573238245504,
      "var": 0.07171421435016948,
      "std": 0.2677950976962974,
      "spread": 0.6913703232931738,
      "saturated": false
    },
    "S_sonic_pca": {
      "mean": 0.03484955525071382,
      "p01": -0.5536877967388091,
      "p10": -0.31079356991368845,
      "p50": 0.033500986950072954,
      "p90": 0.38057675337949487,
      "p99": 0.6651314680307783,
      "min": -0.7489756190859597,
      "max": 0.9978573238245504,
      "var": 0.07171421435016957,
      "std": 0.2677950976962976,
      "spread": 0.6913703232931834,
      "saturated": false
    },
    "T_raw": {
      "mean": 0.9811519480383077,
      "p01": 0.7820872249856237,
      "p10": 0.9549591285062728,
      "p50": 0.9934572377189351,
      "p90": 0.9990194219725296,
      "p99": 0.9997581561148519,
      "min": 0.557298010851247,
      "max": 0.9999791008140012,
      "var": 0.0015190518280673564,
      "std": 0.0389750154338309,
      "spread": 0.04406029346625673,
      "saturated": false
    },
    "T_centered": {
      "mean": 0.0685602195988541,
      "p01": -0.9971981920241079,
      "p10": -0.9831724731554461,
      "p50": 0.2959383650442531,
      "p90": 0.9914014076952685,
      "p99": 0.9983350709542702,
      "min": -0.9997641570129745,
      "max": 0.9997868990907863,
      "var": 0.7610679917451617,
      "std": 0.8723921089425108,
      "spread": 1.9745738808507145,
      "saturated": false
    },
    "T_centered_rescaled": {
      "mean": 0.534280109799427,
      "p01": 0.0014009039879460596,
      "p10": 0.008413763422276954,
      "p50": 0.6479691825221265,
      "p90": 0.9957007038476342,
      "p99": 0.9991675354771351,
      "min": 0.0001179214935127515,
      "max": 0.9998934495453932,
      "var": 0.19026699793629043,
      "std": 0.4361960544712554,
      "spread": 0.9872869404253573,
      "saturated": false
    },
    "G_genre": {
      "mean": 0.9857850074768066,
      "p01": 0.9537521600723267,
      "p10": 0.9634619951248169,
      "p50": 0.9876182675361633,
      "p90": 1.0,
      "p99": 1.0,
      "min": 0.9437398910522461,
      "max": 1.0,
      "var": 0.00016398854495491832,
      "std": 0.012805800884962082,
      "spread": 0.036538004875183105,
      "saturated": false
    }
  },
  "correlations": {
    "corr(S_sonic_raw,S_sonic_centered)": 0.1333318415665145,
    "corr(S_sonic_raw,S_sonic_z)": 0.11892492258318665,
    "corr(S_sonic_raw,S_sonic_pca)": 0.11892492258318746,
    "corr(S_sonic_raw,T_raw)": 0.6695497013598484,
    "corr(S_sonic_raw,T_centered)": 0.11994721226613105,
    "corr(S_sonic_raw,T_centered_rescaled)": 0.11994721226613105,
    "corr(S_sonic_raw,G_genre)": 0.1286320063888842,
    "corr(S_sonic_centered,S_sonic_z)": 0.38853938511339253,
    "corr(S_sonic_centered,S_sonic_pca)": 0.38853938511339464,
    "corr(S_sonic_centered,T_raw)": 0.10787726660455312,
    "corr(S_sonic_centered,T_centered)": 0.7755742037278104,
    "corr(S_sonic_centered,T_centered_rescaled)": 0.7755742037278104,
    "corr(S_sonic_centered,G_genre)": -0.02640915157906131,
    "corr(S_sonic_z,S_sonic_pca)": 1.0,
    "corr(S_sonic_z,T_raw)": 0.09470154553052751,
    "corr(S_sonic_z,T_centered)": 0.3114933562029154,
    "corr(S_sonic_z,T_centered_rescaled)": 0.3114933562029154,
    "corr(S_sonic_z,G_genre)": 0.005068624689273852,
    "corr(S_sonic_pca,T_raw)": 0.09470154553052718,
    "corr(S_sonic_pca,T_centered)": 0.31149335620291624,
    "corr(S_sonic_pca,T_centered_rescaled)": 0.3114933562029163,
    "corr(S_sonic_pca,G_genre)": 0.0050686246892697176,
    "corr(T_raw,T_centered)": 0.12537942523517787,
    "corr(T_raw,T_centered_rescaled)": 0.12537942523517787,
    "corr(T_raw,G_genre)": 0.16278984125215062,
    "corr(T_centered,T_centered_rescaled)": 1.0,
    "corr(T_centered,G_genre)": -0.018529415892575854,
    "corr(T_centered_rescaled,G_genre)": -0.018529415892575847
  },
  "notes": []
}