{
  "artifact": "experiments\\genre_similarity_lab\\artifacts\\data_matrices_step1.npz",
  "timestamp_utc": "20251215_023022",
  "mode": "same_artist (Aaliyah)",
  "pair_count": 50000,
  "metrics": {
    "S_sonic_raw": {
      "mean": 0.9991971388011974,
      "p01": 0.9966959896372091,
      "p10": 0.9981783186001187,
      "p50": 0.9994024561700232,
      "p90": 0.9998765948477651,
      "p99": 0.9999557556776993,
      "min": 0.9946204236578506,
      "max": 0.9999889042336386,
      "var": 5.440842280613482e-07,
      "std": 0.0007376206532231512,
      "spread": 0.001698276247646402,
      "saturated": true
    },
    "S_sonic_centered": {
      "mean": 0.9278761686681787,
      "p01": -0.3749393823865158,
      "p10": 0.9475270110969904,
      "p50": 0.9939446897877123,
      "p90": 0.9988961555077842,
      "p99": 0.9996387836555596,
      "min": -0.422462969002301,
      "max": 0.9998597650864245,
      "var": 0.07579799461168654,
      "std": 0.2753143559854563,
      "spread": 0.051369144410793766,
      "saturated": false
    },
    "S_sonic_z": {
      "mean": 0.2970600166514087,
      "p01": -0.32273130537357203,
      "p10": -0.07436347831247733,
      "p50": 0.3087905738633804,
      "p90": 0.6433087282437571,
      "p99": 0.7803021617683513,
      "min": -0.6436055278528243,
      "max": 0.9137320177471615,
      "var": 0.0710076772385809,
      "std": 0.26647265758156297,
      "spread": 0.7176722065562344,
      "saturated": false
    },
    "S_sonic_pca": {
      "mean": 0.2970600166514129,
      "p01": -0.32273130537357597,
      "p10": -0.07436347831247407,
      "p50": 0.30879057386339653,
      "p90": 0.6433087282437651,
      "p99": 0.7803021617683535,
      "min": -0.6436055278528209,
      "max": 0.913732017747163,
      "var": 0.07100767723858115,
      "std": 0.2664726575815634,
      "spread": 0.7176722065562391,
      "saturated": false
    },
    "T_raw": {
      "mean": 0.9980702220916474,
      "p01": 0.9856558137358276,
      "p10": 0.9954548546853699,
      "p50": 0.9989614971161436,
      "p90": 0.9997400121361615,
      "p99": 0.999916818760028,
      "min": 0.9790803039686398,
      "max": 0.9999807902262482,
      "var": 6.456702597519599e-06,
      "std": 0.0025410042498035298,
      "spread": 0.00428515745079161,
      "saturated": true
    },
    "T_centered": {
      "mean": 0.7555409309522862,
      "p01": -0.9951789746105992,
      "p10": -0.438541557739804,
      "p50": 0.9877340228279682,
      "p90": 0.9982738372220072,
      "p99": 0.9995218106176346,
      "min": -0.9978655830393315,
      "max": 0.9998014327231102,
      "var": 0.3355586526533264,
      "std": 0.5792742464958428,
      "spread": 1.4368153949618112,
      "saturated": false
    },
    "T_centered_rescaled": {
      "mean": 0.8777704654761431,
      "p01": 0.002410512694700384,
      "p10": 0.280729221130098,
      "p50": 0.993867011413984,
      "p90": 0.9991369186110036,
      "p99": 0.9997609053088172,
      "min": 0.0010672084803342585,
      "max": 0.9999007163615551,
      "var": 0.0838896631633316,
      "std": 0.2896371232479214,
      "spread": 0.7184076974809056,
      "saturated": false
    },
    "G_genre": {
      "mean": 0.9846915602684021,
      "p01": 0.9734745025634766,
      "p10": 0.9734745025634766,
      "p50": 0.9803158044815063,
      "p90": 0.9999999403953552,
      "p99": 1.000000238418579,
      "min": 0.9734745025634766,
      "max": 1.000000238418579,
      "var": 0.00011883507977472618,
      "std": 0.010901150293648243,
      "spread": 0.026525437831878662,
      "saturated": false
    }
  },
  "correlations": {
    "corr(S_sonic_raw,S_sonic_centered)": 0.4202600691818412,
    "corr(S_sonic_raw,S_sonic_z)": 0.3615113373532652,
    "corr(S_sonic_raw,S_sonic_pca)": 0.36151133735327207,
    "corr(S_sonic_raw,T_raw)": 0.47656007560647395,
    "corr(S_sonic_raw,T_centered)": 0.3715301512411975,
    "corr(S_sonic_raw,T_centered_rescaled)": 0.3715301512411975,
    "corr(S_sonic_raw,G_genre)": -0.015336167847156532,
    "corr(S_sonic_centered,S_sonic_z)": 0.20476818598348184,
    "corr(S_sonic_centered,S_sonic_pca)": 0.20476818598348945,
    "corr(S_sonic_centered,T_raw)": 0.13933617833292009,
    "corr(S_sonic_centered,T_centered)": 0.5296942996435179,
    "corr(S_sonic_centered,T_centered_rescaled)": 0.5296942996435179,
    "corr(S_sonic_centered,G_genre)": -0.02642746023487393,
    "corr(S_sonic_z,S_sonic_pca)": 1.0,
    "corr(S_sonic_z,T_raw)": 0.2087077753899002,
    "corr(S_sonic_z,T_centered)": 0.2834872057900068,
    "corr(S_sonic_z,T_centered_rescaled)": 0.2834872057900068,
    "corr(S_sonic_z,G_genre)": -0.001987679120494704,
    "corr(S_sonic_pca,T_raw)": 0.20870777538990706,
    "corr(S_sonic_pca,T_centered)": 0.28348720579001435,
    "corr(S_sonic_pca,T_centered_rescaled)": 0.28348720579001435,
    "corr(S_sonic_pca,G_genre)": -0.001987679120495622,
    "corr(T_raw,T_centered)": 0.5973520099977887,
    "corr(T_raw,T_centered_rescaled)": 0.5973520099977887,
    "corr(T_raw,G_genre)": -0.023279741082060115,
    "corr(T_centered,T_centered_rescaled)": 0.9999999999999998,
    "corr(T_centered,G_genre)": -0.023729690481128222,
    "corr(T_centered_rescaled,G_genre)": -0.023729690481128208
  },
  "notes": []
}